Benchmark,Reclamation Scheme,Operation,Memory Before (KB),Memory After (KB),Memory Free Change (KB)
lockfree_queue,ref_counting,enqueue,391990730752 KB,391990730752 KB,0 KB
lockfree_queue,ref_counting,enqueue,391990730752 KB,391990730752 KB,0 KB
lockfree_queue,ref_counting,enqueue,391990730752 KB,391990730752 KB,0 KB
lockfree_queue,ref_counting,enqueue,391990730752 KB,391990730752 KB,0 KB
lockfree_queue,ref_counting,enqueue,391990730752 KB,391990730752 KB,0 KB
lockfree_queue,ref_counting,enqueue,391990730752 KB,391990730752 KB,0 KB
lockfree_queue,ref_counting,enqueue,391990730752 KB,391990730752 KB,0 KB
lockfree_queue,ref_counting,enqueue,391990730752 KB,391990730752 KB,0 KB
lockfree_queue,ref_counting,enqueue,391990730752 KB,391990730752 KB,0 KB
lockfree_queue,ref_counting,enqueue,391990730752 KB,391990730752 KB,0 KB
lockfree_queue,ref_counting,enqueue,391990730752 KB,391990730752 KB,0 KB
lockfree_queue,ref_counting,enqueue,391990730752 KB,391990730752 KB,0 KB
lockfree_queue,ref_counting,enqueue,391990730752 KB,391990730752 KB,0 KB
lockfree_queue,ref_counting,enqueue,391990730752 KB,391990730752 KB,0 KB
lockfree_queue,ref_counting,enqueue,391990730752 KB,391990546432 KB,-184320 KB
lockfree_queue,ref_counting,enqueue,391990546432 KB,391990546432 KB,0 KB
lockfree_queue,ref_counting,enqueue,391990546432 KB,391988768768 KB,-1777664 KB
lockfree_queue,ref_counting,enqueue,391988768768 KB,391984500736 KB,-4268032 KB
lockfree_queue,ref_counting,enqueue,391984500736 KB,391979819008 KB,-4681728 KB
lockfree_queue,ref_counting,enqueue,391979819008 KB,391976493056 KB,-3325952 KB
lockfree_queue,ref_counting,enqueue,391976493056 KB,391973396480 KB,-3096576 KB
lockfree_queue,ref_counting,enqueue,391973396480 KB,391969783808 KB,-3612672 KB
lockfree_queue,ref_counting,enqueue,391969783808 KB,391966687232 KB,-3096576 KB
lockfree_queue,ref_counting,enqueue,391966687232 KB,391963074560 KB,-3612672 KB
lockfree_queue,ref_counting,enqueue,391963074560 KB,391959461888 KB,-3612672 KB
lockfree_queue,ref_counting,enqueue,391959461888 KB,391955087360 KB,-4374528 KB
lockfree_queue,ref_counting,enqueue,391955087360 KB,391949668352 KB,-5419008 KB
lockfree_queue,ref_counting,enqueue,391949668352 KB,391941926912 KB,-7741440 KB
lockfree_queue,ref_counting,enqueue,391941926912 KB,391930159104 KB,-11767808 KB
lockfree_queue,ref_counting,enqueue,391930159104 KB,391910805504 KB,-19353600 KB
lockfree_queue,ref_counting,enqueue,391910805504 KB,391874936832 KB,-35868672 KB
lockfree_queue,ref_counting,enqueue,391874936832 KB,391802683392 KB,-72253440 KB
lockfree_queue,ref_counting,enqueue,391802683392 KB,391661789184 KB,-140894208 KB
lockfree_queue,ref_counting,enqueue,391661789184 KB,391388618752 KB,-273170432 KB
lockfree_queue,ref_counting,enqueue,391388618752 KB,390847385600 KB,-541233152 KB
lockfree_queue,ref_counting,enqueue,390847385600 KB,389758861312 KB,-1088524288 KB
lockfree_queue,ref_counting,enqueue,389758861312 KB,389755248640 KB,-3612672 KB
lockfree_queue,ref_counting,enqueue,389755248640 KB,389751119872 KB,-4128768 KB
lockfree_queue,ref_counting,enqueue,389751119872 KB,389746475008 KB,-4644864 KB
lockfree_queue,ref_counting,enqueue,389746475008 KB,389741314048 KB,-5160960 KB
lockfree_queue,ref_counting,enqueue,389741314048 KB,389735636992 KB,-5677056 KB
lockfree_queue,ref_counting,enqueue,389735636992 KB,389729443840 KB,-6193152 KB
lockfree_queue,ref_counting,enqueue,389729443840 KB,389722734592 KB,-6709248 KB
lockfree_queue,ref_counting,enqueue,389722734592 KB,389715509248 KB,-7225344 KB
lockfree_queue,ref_counting,enqueue,389715509248 KB,389707767808 KB,-7741440 KB
lockfree_queue,ref_counting,enqueue,389707767808 KB,389699510272 KB,-8257536 KB
lockfree_queue,ref_counting,enqueue,389699510272 KB,389691252736 KB,-8257536 KB
lockfree_queue,ref_counting,enqueue,389691252736 KB,389681963008 KB,-9289728 KB
lockfree_queue,ref_counting,enqueue,389681963008 KB,389672157184 KB,-9805824 KB
lockfree_queue,ref_counting,enqueue,389672157184 KB,389662351360 KB,-9805824 KB
lockfree_queue,ref_counting,enqueue,389662351360 KB,389651513344 KB,-10838016 KB
lockfree_queue,ref_counting,enqueue,389651513344 KB,389640933376 KB,-10579968 KB
lockfree_queue,ref_counting,enqueue,389640933376 KB,389629579264 KB,-11354112 KB
lockfree_queue,ref_counting,enqueue,389629579264 KB,389617709056 KB,-11870208 KB
lockfree_queue,ref_counting,enqueue,389617709056 KB,389604806656 KB,-12902400 KB
lockfree_queue,ref_counting,enqueue,389604806656 KB,389591904256 KB,-12902400 KB
lockfree_queue,ref_counting,enqueue,389591904256 KB,389577969664 KB,-13934592 KB
lockfree_queue,ref_counting,enqueue,389577969664 KB,389564035072 KB,-13934592 KB
lockfree_queue,ref_counting,enqueue,389564035072 KB,389549584384 KB,-14450688 KB
lockfree_queue,ref_counting,enqueue,389549584384 KB,389534617600 KB,-14966784 KB
lockfree_queue,ref_counting,enqueue,389534617600 KB,389518618624 KB,-15998976 KB
lockfree_queue,ref_counting,enqueue,389518618624 KB,389502877696 KB,-15740928 KB
lockfree_queue,ref_counting,enqueue,389502877696 KB,389486878720 KB,-15998976 KB
lockfree_queue,ref_counting,enqueue,389486878720 KB,389470621696 KB,-16257024 KB
lockfree_queue,ref_counting,enqueue,389470621696 KB,389453332480 KB,-17289216 KB
lockfree_queue,ref_counting,enqueue,389453332480 KB,389435785216 KB,-17547264 KB
lockfree_queue,ref_counting,enqueue,389435785216 KB,389417721856 KB,-18063360 KB
lockfree_queue,ref_counting,enqueue,389417721856 KB,389398368256 KB,-19353600 KB
lockfree_queue,ref_counting,enqueue,389398368256 KB,389379014656 KB,-19353600 KB
lockfree_queue,ref_counting,enqueue,389379014656 KB,389374144512 KB,-4870144 KB
lockfree_queue,ref_counting,enqueue,389374144512 KB,389353500672 KB,-20643840 KB
lockfree_queue,ref_counting,enqueue,389353500672 KB,389332361216 KB,-21139456 KB
lockfree_queue,ref_counting,enqueue,389332361216 KB,389311201280 KB,-21159936 KB
lockfree_queue,ref_counting,enqueue,389311201280 KB,389289267200 KB,-21934080 KB
lockfree_queue,ref_counting,enqueue,389289267200 KB,389267075072 KB,-22192128 KB
lockfree_queue,ref_counting,enqueue,389267075072 KB,389243850752 KB,-23224320 KB
lockfree_queue,ref_counting,enqueue,389243850752 KB,389220884480 KB,-22966272 KB
lockfree_queue,ref_counting,enqueue,389220884480 KB,389196886016 KB,-23998464 KB
lockfree_queue,ref_counting,enqueue,389196886016 KB,389172629504 KB,-24256512 KB
lockfree_queue,ref_counting,enqueue,389172629504 KB,389147619328 KB,-25010176 KB
lockfree_queue,ref_counting,enqueue,389147619328 KB,389122330624 KB,-25288704 KB
lockfree_queue,ref_counting,enqueue,389122330624 KB,389096009728 KB,-26320896 KB
lockfree_queue,ref_counting,enqueue,389096009728 KB,389069688832 KB,-26320896 KB
lockfree_queue,ref_counting,enqueue,389069688832 KB,389042851840 KB,-26836992 KB
lockfree_queue,ref_counting,enqueue,389042851840 KB,389015498752 KB,-27353088 KB
lockfree_queue,ref_counting,enqueue,389015498752 KB,388988145664 KB,-27353088 KB
lockfree_queue,ref_counting,enqueue,388988145664 KB,388960174080 KB,-27971584 KB
lockfree_queue,ref_counting,enqueue,388960174080 KB,388933079040 KB,-27095040 KB
lockfree_queue,ref_counting,enqueue,388933079040 KB,388904693760 KB,-28385280 KB
lockfree_queue,ref_counting,enqueue,388904693760 KB,388874502144 KB,-30191616 KB
lockfree_queue,ref_counting,enqueue,388874502144 KB,388844568576 KB,-29933568 KB
lockfree_queue,ref_counting,enqueue,388844568576 KB,388814123008 KB,-30445568 KB
lockfree_queue,ref_counting,enqueue,388814123008 KB,388782641152 KB,-31481856 KB
lockfree_queue,ref_counting,enqueue,388782641152 KB,388750643200 KB,-31997952 KB
lockfree_queue,ref_counting,enqueue,388750643200 KB,388718129152 KB,-32514048 KB
lockfree_queue,ref_counting,enqueue,388718129152 KB,388684324864 KB,-33804288 KB
lockfree_queue,ref_counting,enqueue,388684324864 KB,388651294720 KB,-33030144 KB
lockfree_queue,ref_counting,enqueue,388651294720 KB,388616822784 KB,-34471936 KB
lockfree_queue,ref_counting,enqueue,388616822784 KB,388582506496 KB,-34316288 KB
lockfree_queue,ref_counting,enqueue,388582506496 KB,388547411968 KB,-35094528 KB
lockfree_queue,ref_counting,enqueue,388547411968 KB,388511801344 KB,-35610624 KB
lockfree_queue,ref_counting,enqueue,388511801344 KB,388476706816 KB,-35094528 KB
lockfree_queue,ref_counting,enqueue,388476706816 KB,388441354240 KB,-35352576 KB
lockfree_queue,ref_counting,enqueue,388441354240 KB,388406267904 KB,-35086336 KB
lockfree_queue,ref_counting,enqueue,388406267904 KB,388372434944 KB,-33832960 KB
lockfree_queue,ref_counting,enqueue,388372434944 KB,388337340416 KB,-35094528 KB
lockfree_queue,ref_counting,enqueue,388337340416 KB,388298633216 KB,-38707200 KB
lockfree_queue,ref_counting,enqueue,388298633216 KB,388262154240 KB,-36478976 KB
lockfree_queue,ref_counting,enqueue,388262154240 KB,388223447040 KB,-38707200 KB
lockfree_queue,ref_counting,enqueue,388223447040 KB,388183707648 KB,-39739392 KB
lockfree_queue,ref_counting,enqueue,388183707648 KB,388143206400 KB,-40501248 KB
lockfree_queue,ref_counting,enqueue,388143206400 KB,388102443008 KB,-40763392 KB
lockfree_queue,ref_counting,enqueue,388102443008 KB,388063866880 KB,-38576128 KB
lockfree_queue,ref_counting,enqueue,388063866880 KB,388022321152 KB,-41545728 KB
lockfree_queue,ref_counting,enqueue,388022321152 KB,387980517376 KB,-41803776 KB
lockfree_queue,ref_counting,enqueue,387980517376 KB,387940933632 KB,-39583744 KB
lockfree_queue,ref_counting,enqueue,387940933632 KB,387896033280 KB,-44900352 KB
lockfree_queue,ref_counting,enqueue,387896033280 KB,387851907072 KB,-44126208 KB
lockfree_queue,ref_counting,enqueue,387851907072 KB,387811381248 KB,-40525824 KB
lockfree_queue,ref_counting,enqueue,387811381248 KB,387766480896 KB,-44900352 KB
lockfree_queue,ref_counting,enqueue,387766480896 KB,387721064448 KB,-45416448 KB
lockfree_queue,ref_counting,enqueue,387721064448 KB,387675648000 KB,-45416448 KB
lockfree_queue,ref_counting,enqueue,387675648000 KB,387629199360 KB,-46448640 KB
lockfree_queue,ref_counting,enqueue,387629199360 KB,387582750720 KB,-46448640 KB
lockfree_queue,ref_counting,enqueue,387582750720 KB,387535269888 KB,-47480832 KB
lockfree_queue,ref_counting,enqueue,387535269888 KB,387487789056 KB,-47480832 KB
lockfree_queue,ref_counting,enqueue,387487789056 KB,387440308224 KB,-47480832 KB
lockfree_queue,ref_counting,enqueue,387440308224 KB,387393601536 KB,-46706688 KB
lockfree_queue,ref_counting,enqueue,387393601536 KB,387344355328 KB,-49246208 KB
lockfree_queue,ref_counting,enqueue,387344355328 KB,387299000320 KB,-45355008 KB
lockfree_queue,ref_counting,enqueue,387299000320 KB,387248422912 KB,-50577408 KB
lockfree_queue,ref_counting,enqueue,387248422912 KB,387197845504 KB,-50577408 KB
lockfree_queue,ref_counting,enqueue,387197845504 KB,387146752000 KB,-51093504 KB
lockfree_queue,ref_counting,enqueue,387146752000 KB,387095937024 KB,-50814976 KB
lockfree_queue,ref_counting,enqueue,387095937024 KB,387043811328 KB,-52125696 KB
lockfree_queue,ref_counting,enqueue,387043811328 KB,386990653440 KB,-53157888 KB
lockfree_queue,ref_counting,dequeue,387007172608 KB,387007188992 KB,16384 KB
lockfree_queue,ref_counting,dequeue,387007188992 KB,387007188992 KB,0 KB
lockfree_queue,ref_counting,dequeue,387005710336 KB,387005710336 KB,0 KB
lockfree_queue,ref_counting,dequeue,387002613760 KB,387002613760 KB,0 KB
lockfree_queue,ref_counting,dequeue,386999296000 KB,386999296000 KB,0 KB
lockfree_queue,ref_counting,dequeue,386996199424 KB,386996199424 KB,0 KB
lockfree_queue,ref_counting,dequeue,386993102848 KB,386993102848 KB,0 KB
lockfree_queue,ref_counting,dequeue,386990006272 KB,386990006272 KB,0 KB
lockfree_queue,ref_counting,dequeue,386986909696 KB,386986909696 KB,0 KB
lockfree_queue,ref_counting,dequeue,386983297024 KB,386983297024 KB,0 KB
lockfree_queue,ref_counting,dequeue,386980200448 KB,386980200448 KB,0 KB
lockfree_queue,ref_counting,dequeue,386977103872 KB,386977103872 KB,0 KB
lockfree_queue,ref_counting,dequeue,386974007296 KB,386974007296 KB,0 KB
lockfree_queue,ref_counting,dequeue,386970910720 KB,386970910720 KB,0 KB
lockfree_queue,ref_counting,dequeue,386967814144 KB,386967814144 KB,0 KB
lockfree_queue,ref_counting,dequeue,386965233664 KB,386965233664 KB,0 KB
lockfree_queue,ref_counting,dequeue,386963169280 KB,386963169280 KB,0 KB
lockfree_queue,ref_counting,dequeue,386962137088 KB,386962137088 KB,0 KB
lockfree_queue,ref_counting,dequeue,386962137088 KB,386962137088 KB,0 KB
lockfree_queue,ref_counting,dequeue,386962137088 KB,386962137088 KB,0 KB
lockfree_queue,ref_counting,dequeue,386962137088 KB,386962137088 KB,0 KB
lockfree_queue,ref_counting,dequeue,386962137088 KB,386962137088 KB,0 KB
lockfree_queue,ref_counting,dequeue,386962137088 KB,386962137088 KB,0 KB
lockfree_queue,ref_counting,dequeue,386962137088 KB,386962137088 KB,0 KB
lockfree_queue,ref_counting,dequeue,386962137088 KB,386962137088 KB,0 KB
lockfree_queue,ref_counting,dequeue,386962137088 KB,386962137088 KB,0 KB
lockfree_queue,ref_counting,dequeue,386962137088 KB,386961879040 KB,-258048 KB
lockfree_queue,ref_counting,dequeue,386961879040 KB,386963943424 KB,2064384 KB
lockfree_queue,ref_counting,dequeue,386963943424 KB,386973958144 KB,10014720 KB
lockfree_queue,ref_counting,dequeue,386973962240 KB,386981756928 KB,7794688 KB
lockfree_queue,ref_counting,dequeue,386982273024 KB,387000807424 KB,18534400 KB
lockfree_queue,ref_counting,dequeue,387000807424 KB,387001065472 KB,258048 KB
lockfree_queue,ref_counting,dequeue,387001065472 KB,387001065472 KB,0 KB
lockfree_queue,ref_counting,dequeue,387001065472 KB,387001065472 KB,0 KB
lockfree_queue,ref_counting,dequeue,387001065472 KB,387001065472 KB,0 KB
lockfree_queue,ref_counting,dequeue,387001065472 KB,387001065472 KB,0 KB
lockfree_queue,ref_counting,dequeue,387001065472 KB,387001065472 KB,0 KB
lockfree_queue,ref_counting,dequeue,387001065472 KB,387001065472 KB,0 KB
lockfree_queue,ref_counting,dequeue,387001065472 KB,387001065472 KB,0 KB
lockfree_queue,ref_counting,dequeue,387001065472 KB,387001839616 KB,774144 KB
lockfree_queue,ref_counting,dequeue,387001839616 KB,387001839616 KB,0 KB
lockfree_queue,ref_counting,dequeue,387001839616 KB,387001839616 KB,0 KB
lockfree_queue,ref_counting,dequeue,387001839616 KB,387001839616 KB,0 KB
lockfree_queue,ref_counting,dequeue,387001839616 KB,387002097664 KB,258048 KB
lockfree_queue,ref_counting,dequeue,387002097664 KB,387002097664 KB,0 KB
lockfree_queue,ref_counting,dequeue,387002097664 KB,387002097664 KB,0 KB
lockfree_queue,ref_counting,dequeue,387006898176 KB,387006898176 KB,0 KB
lockfree_queue,ref_counting,dequeue,387006898176 KB,387007672320 KB,774144 KB
lockfree_queue,ref_counting,dequeue,387007672320 KB,387007930368 KB,258048 KB
lockfree_queue,ref_counting,dequeue,387007930368 KB,387007930368 KB,0 KB
lockfree_queue,ref_counting,dequeue,387007930368 KB,387007930368 KB,0 KB
lockfree_queue,ref_counting,dequeue,387008188416 KB,387008704512 KB,516096 KB
lockfree_queue,ref_counting,dequeue,387008704512 KB,387009241088 KB,536576 KB
lockfree_queue,ref_counting,dequeue,387009241088 KB,387009499136 KB,258048 KB
lockfree_queue,ref_counting,dequeue,387009499136 KB,387011850240 KB,2351104 KB
lockfree_queue,ref_counting,dequeue,387011850240 KB,387011850240 KB,0 KB
lockfree_queue,ref_counting,dequeue,387011850240 KB,387011850240 KB,0 KB
lockfree_queue,ref_counting,dequeue,387011850240 KB,387012382720 KB,532480 KB
lockfree_queue,ref_counting,dequeue,387012382720 KB,387012382720 KB,0 KB
lockfree_queue,ref_counting,dequeue,387012382720 KB,387012382720 KB,0 KB
lockfree_queue,ref_counting,dequeue,387012382720 KB,387012382720 KB,0 KB
lockfree_queue,ref_counting,dequeue,387012382720 KB,387012382720 KB,0 KB
lockfree_queue,ref_counting,dequeue,387012382720 KB,387012382720 KB,0 KB
lockfree_queue,ref_counting,dequeue,387012382720 KB,387012640768 KB,258048 KB
lockfree_queue,ref_counting,dequeue,387012640768 KB,387012640768 KB,0 KB
lockfree_queue,ref_counting,dequeue,387012640768 KB,387012640768 KB,0 KB
lockfree_queue,ref_counting,dequeue,387012640768 KB,387012640768 KB,0 KB
lockfree_queue,ref_counting,dequeue,387012640768 KB,387012640768 KB,0 KB
lockfree_queue,ref_counting,dequeue,387012640768 KB,387013677056 KB,1036288 KB
lockfree_queue,ref_counting,dequeue,387013677056 KB,387016400896 KB,2723840 KB
lockfree_queue,ref_counting,dequeue,387016400896 KB,387016658944 KB,258048 KB
lockfree_queue,ref_counting,dequeue,387016658944 KB,387016658944 KB,0 KB
lockfree_queue,ref_counting,dequeue,387016658944 KB,387016658944 KB,0 KB
lockfree_queue,ref_counting,dequeue,387016658944 KB,387017175040 KB,516096 KB
lockfree_queue,ref_counting,dequeue,387017175040 KB,387020140544 KB,2965504 KB
lockfree_queue,ref_counting,dequeue,387020140544 KB,387021172736 KB,1032192 KB
lockfree_queue,ref_counting,dequeue,387021430784 KB,387022204928 KB,774144 KB
lockfree_queue,ref_counting,dequeue,387022204928 KB,387021946880 KB,-258048 KB
lockfree_queue,ref_counting,dequeue,387021946880 KB,387022204928 KB,258048 KB
lockfree_queue,ref_counting,dequeue,387022204928 KB,387021971456 KB,-233472 KB
lockfree_queue,ref_counting,dequeue,387021971456 KB,387021971456 KB,0 KB
lockfree_queue,ref_counting,dequeue,387021971456 KB,387022229504 KB,258048 KB
lockfree_queue,ref_counting,dequeue,387022229504 KB,387022487552 KB,258048 KB
lockfree_queue,ref_counting,dequeue,387022487552 KB,387038216192 KB,15728640 KB
lockfree_queue,ref_counting,dequeue,387038216192 KB,387038216192 KB,0 KB
lockfree_queue,ref_counting,dequeue,387038216192 KB,387038752768 KB,536576 KB
lockfree_queue,ref_counting,dequeue,387038752768 KB,387041406976 KB,2654208 KB
lockfree_queue,ref_counting,dequeue,387041406976 KB,387041665024 KB,258048 KB
lockfree_queue,ref_counting,dequeue,387041406976 KB,387041406976 KB,0 KB
lockfree_queue,ref_counting,dequeue,387041406976 KB,387041406976 KB,0 KB
lockfree_queue,ref_counting,dequeue,387041406976 KB,387041665024 KB,258048 KB
lockfree_queue,ref_counting,dequeue,387041923072 KB,387043217408 KB,1294336 KB
lockfree_queue,ref_counting,dequeue,387043217408 KB,387043991552 KB,774144 KB
lockfree_queue,ref_counting,dequeue,387043991552 KB,387045003264 KB,1011712 KB
lockfree_queue,ref_counting,dequeue,387045003264 KB,387045261312 KB,258048 KB
lockfree_queue,ref_counting,dequeue,387045261312 KB,387045003264 KB,-258048 KB
lockfree_queue,ref_counting,dequeue,387045003264 KB,387045003264 KB,0 KB
lockfree_queue,ref_counting,dequeue,387045003264 KB,387045003264 KB,0 KB
lockfree_queue,ref_counting,dequeue,387045003264 KB,387045003264 KB,0 KB
lockfree_queue,ref_counting,dequeue,387045003264 KB,387045003264 KB,0 KB
lockfree_queue,ref_counting,dequeue,387045003264 KB,387045003264 KB,0 KB
lockfree_queue,ref_counting,dequeue,387045003264 KB,387045003264 KB,0 KB
lockfree_queue,ref_counting,dequeue,387045003264 KB,387045003264 KB,0 KB
lockfree_queue,ref_counting,dequeue,387045003264 KB,387045519360 KB,516096 KB
lockfree_queue,ref_counting,dequeue,387045519360 KB,387046035456 KB,516096 KB
lockfree_queue,ref_counting,dequeue,387046035456 KB,387048112128 KB,2076672 KB
lockfree_queue,ref_counting,dequeue,387048370176 KB,387048886272 KB,516096 KB
lockfree_queue,ref_counting,dequeue,387048886272 KB,387049144320 KB,258048 KB
lockfree_queue,ref_counting,dequeue,387049144320 KB,387051782144 KB,2637824 KB
lockfree_queue,ref_counting,dequeue,387051782144 KB,387051782144 KB,0 KB
lockfree_queue,ref_counting,dequeue,387051782144 KB,387051782144 KB,0 KB
lockfree_queue,ref_counting,dequeue,387051782144 KB,387051782144 KB,0 KB
lockfree_queue,ref_counting,dequeue,387051782144 KB,387051794432 KB,12288 KB
lockfree_queue,ref_counting,dequeue,387051794432 KB,387051794432 KB,0 KB
lockfree_queue,ref_counting,dequeue,387051794432 KB,387052568576 KB,774144 KB
lockfree_queue,ref_counting,dequeue,387052568576 KB,387052568576 KB,0 KB
lockfree_queue,ref_counting,dequeue,387052568576 KB,387057180672 KB,4612096 KB
lockfree_queue,ref_counting,dequeue,387057180672 KB,387058520064 KB,1339392 KB
lockfree_queue,ref_counting,dequeue,387058520064 KB,387058520064 KB,0 KB
lockfree_queue,ref_counting,dequeue,387058520064 KB,387058778112 KB,258048 KB
lockfree_queue,ref_counting,dequeue,387058778112 KB,387059294208 KB,516096 KB
lockfree_queue,ref_counting,dequeue,387059294208 KB,387059294208 KB,0 KB
lockfree_queue,ref_counting,dequeue,387059294208 KB,387059294208 KB,0 KB
lockfree_queue,ref_counting,dequeue,387059294208 KB,387059294208 KB,0 KB
lockfree_queue,ref_counting,dequeue,387059294208 KB,387059552256 KB,258048 KB
lockfree_queue,ref_counting,dequeue,387059552256 KB,387059294208 KB,-258048 KB
lockfree_queue,ref_counting,dequeue,387059294208 KB,387060588544 KB,1294336 KB
lockfree_queue,ref_counting,dequeue,387060588544 KB,387062652928 KB,2064384 KB
lockfree_queue,ref_counting,dequeue,387062652928 KB,387063169024 KB,516096 KB
lockfree_queue,ref_counting,dequeue,387063169024 KB,387062923264 KB,-245760 KB
lockfree_queue,ref_counting,dequeue,387062923264 KB,387063181312 KB,258048 KB
lockfree_queue,ref_counting,enqueue,387063091200 KB,387063091200 KB,0 KB
lockfree_queue,ref_counting,enqueue,387063091200 KB,387063091200 KB,0 KB
lockfree_queue,ref_counting,enqueue,387063091200 KB,387063091200 KB,0 KB
lockfree_queue,ref_counting,enqueue,387063091200 KB,387063091200 KB,0 KB
lockfree_queue,ref_counting,enqueue,387063091200 KB,387063091200 KB,0 KB
lockfree_queue,ref_counting,enqueue,387063091200 KB,387063091200 KB,0 KB
lockfree_queue,ref_counting,enqueue,387063091200 KB,387063091200 KB,0 KB
lockfree_queue,ref_counting,enqueue,387063091200 KB,387063091200 KB,0 KB
lockfree_queue,ref_counting,enqueue,387063091200 KB,387063091200 KB,0 KB
lockfree_queue,ref_counting,enqueue,387063091200 KB,387063091200 KB,0 KB
lockfree_queue,ref_counting,enqueue,387063091200 KB,387063091200 KB,0 KB
lockfree_queue,ref_counting,enqueue,387063091200 KB,387063091200 KB,0 KB
lockfree_queue,ref_counting,enqueue,387063091200 KB,387063091200 KB,0 KB
lockfree_queue,ref_counting,enqueue,387063091200 KB,387063091200 KB,0 KB
lockfree_queue,ref_counting,enqueue,387063091200 KB,387063091200 KB,0 KB
lockfree_queue,ref_counting,enqueue,387063091200 KB,387063091200 KB,0 KB
lockfree_queue,ref_counting,enqueue,387063091200 KB,387063611392 KB,520192 KB
lockfree_queue,ref_counting,enqueue,387063611392 KB,387063693312 KB,81920 KB
lockfree_queue,ref_counting,enqueue,387063693312 KB,387058835456 KB,-4857856 KB
lockfree_queue,ref_counting,enqueue,387058835456 KB,387041804288 KB,-17031168 KB
lockfree_queue,ref_counting,enqueue,387041804288 KB,387008258048 KB,-33546240 KB
lockfree_queue,ref_counting,enqueue,387008258048 KB,386941943808 KB,-66314240 KB
lockfree_queue,ref_counting,enqueue,386941943808 KB,386809307136 KB,-132636672 KB
lockfree_queue,ref_counting,enqueue,386808791040 KB,386534658048 KB,-274132992 KB
lockfree_queue,ref_counting,enqueue,386534658048 KB,386002399232 KB,-532258816 KB
lockfree_queue,ref_counting,enqueue,386002399232 KB,384941895680 KB,-1060503552 KB
lockfree_queue,ref_counting,enqueue,384941895680 KB,384941379584 KB,-516096 KB
lockfree_queue,ref_counting,enqueue,384941379584 KB,384940347392 KB,-1032192 KB
lockfree_queue,ref_counting,enqueue,384940347392 KB,384938799104 KB,-1548288 KB
lockfree_queue,ref_counting,enqueue,384938799104 KB,384937766912 KB,-1032192 KB
lockfree_queue,ref_counting,enqueue,384937250816 KB,384935186432 KB,-2064384 KB
lockfree_queue,ref_counting,enqueue,384935186432 KB,384932347904 KB,-2838528 KB
lockfree_queue,ref_counting,enqueue,384932347904 KB,384929517568 KB,-2830336 KB
lockfree_queue,ref_counting,enqueue,384929517568 KB,384925388800 KB,-4128768 KB
lockfree_queue,ref_counting,enqueue,384925388800 KB,384921001984 KB,-4386816 KB
lockfree_queue,ref_counting,enqueue,384921001984 KB,384916357120 KB,-4644864 KB
lockfree_queue,ref_counting,enqueue,384916357120 KB,384910942208 KB,-5414912 KB
lockfree_queue,ref_counting,enqueue,384910942208 KB,384904753152 KB,-6189056 KB
lockfree_queue,ref_counting,enqueue,384904753152 KB,384898560000 KB,-6193152 KB
lockfree_queue,ref_counting,enqueue,384898560000 KB,384891592704 KB,-6967296 KB
lockfree_queue,ref_counting,enqueue,384891592704 KB,384884109312 KB,-7483392 KB
lockfree_queue,ref_counting,enqueue,384884109312 KB,384875851776 KB,-8257536 KB
lockfree_queue,ref_counting,enqueue,384875851776 KB,384869986304 KB,-5865472 KB
lockfree_queue,ref_counting,enqueue,384869986304 KB,384861483008 KB,-8503296 KB
lockfree_queue,ref_counting,enqueue,384861483008 KB,384851935232 KB,-9547776 KB
lockfree_queue,ref_counting,enqueue,384851935232 KB,384842645504 KB,-9289728 KB
lockfree_queue,ref_counting,enqueue,384842645504 KB,384832065536 KB,-10579968 KB
lockfree_queue,ref_counting,enqueue,384832065536 KB,384821485568 KB,-10579968 KB
lockfree_queue,ref_counting,enqueue,384821485568 KB,384809615360 KB,-11870208 KB
lockfree_queue,ref_counting,enqueue,384809615360 KB,384798216192 KB,-11399168 KB
lockfree_queue,ref_counting,enqueue,384798216192 KB,384785055744 KB,-13160448 KB
lockfree_queue,ref_counting,enqueue,384785055744 KB,384772153344 KB,-12902400 KB
lockfree_queue,ref_counting,enqueue,384772153344 KB,384758218752 KB,-13934592 KB
lockfree_queue,ref_counting,enqueue,384758218752 KB,384744284160 KB,-13934592 KB
lockfree_queue,ref_counting,enqueue,384744284160 KB,384729575424 KB,-14708736 KB
lockfree_queue,ref_counting,enqueue,384729575424 KB,384714092544 KB,-15482880 KB
lockfree_queue,ref_counting,enqueue,384714092544 KB,384699322368 KB,-14770176 KB
lockfree_queue,ref_counting,enqueue,384699322368 KB,384683323392 KB,-15998976 KB
lockfree_queue,ref_counting,enqueue,384683323392 KB,384666808320 KB,-16515072 KB
lockfree_queue,ref_counting,enqueue,384666808320 KB,384649261056 KB,-17547264 KB
lockfree_queue,ref_counting,enqueue,384649261056 KB,384631713792 KB,-17547264 KB
lockfree_queue,ref_counting,enqueue,384631713792 KB,384613908480 KB,-17805312 KB
lockfree_queue,ref_counting,enqueue,384613908480 KB,384595329024 KB,-18579456 KB
lockfree_queue,ref_counting,enqueue,384595329024 KB,384575717376 KB,-19611648 KB
lockfree_queue,ref_counting,enqueue,384575717376 KB,384556105728 KB,-19611648 KB
lockfree_queue,ref_counting,enqueue,384556105728 KB,384535977984 KB,-20127744 KB
lockfree_queue,ref_counting,enqueue,384535977984 KB,384516366336 KB,-19611648 KB
lockfree_queue,ref_counting,enqueue,384516366336 KB,384495206400 KB,-21159936 KB
lockfree_queue,ref_counting,enqueue,384495206400 KB,384473530368 KB,-21676032 KB
lockfree_queue,ref_counting,enqueue,384473530368 KB,384451706880 KB,-21823488 KB
lockfree_queue,ref_counting,enqueue,384451706880 KB,384429514752 KB,-22192128 KB
lockfree_queue,ref_counting,enqueue,384429514752 KB,384408977408 KB,-20537344 KB
lockfree_queue,ref_counting,enqueue,384408977408 KB,384386019328 KB,-22958080 KB
lockfree_queue,ref_counting,enqueue,384386019328 KB,384362020864 KB,-23998464 KB
lockfree_queue,ref_counting,enqueue,384362020864 KB,384337506304 KB,-24514560 KB
lockfree_queue,ref_counting,enqueue,384337506304 KB,384315387904 KB,-22118400 KB
lockfree_queue,ref_counting,enqueue,384315387904 KB,384290615296 KB,-24772608 KB
lockfree_queue,ref_counting,enqueue,384290615296 KB,384265089024 KB,-25526272 KB
lockfree_queue,ref_counting,enqueue,384265089024 KB,384237473792 KB,-27615232 KB
lockfree_queue,ref_counting,enqueue,384237473792 KB,384210636800 KB,-26836992 KB
lockfree_queue,ref_counting,enqueue,384210636800 KB,384183025664 KB,-27611136 KB
lockfree_queue,ref_counting,enqueue,384183025664 KB,384154640384 KB,-28385280 KB
lockfree_queue,ref_counting,enqueue,384154640384 KB,384126771200 KB,-27869184 KB
lockfree_queue,ref_counting,enqueue,384126771200 KB,384097632256 KB,-29138944 KB
lockfree_queue,ref_counting,enqueue,384097632256 KB,384066891776 KB,-30740480 KB
lockfree_queue,ref_counting,enqueue,384066891776 KB,384035184640 KB,-31707136 KB
lockfree_queue,ref_counting,enqueue,384035184640 KB,384004734976 KB,-30449664 KB
lockfree_queue,ref_counting,enqueue,384004734976 KB,383973253120 KB,-31481856 KB
lockfree_queue,ref_counting,enqueue,383973253120 KB,383941255168 KB,-31997952 KB
lockfree_queue,ref_counting,enqueue,383941255168 KB,383909879808 KB,-31375360 KB
lockfree_queue,ref_counting,enqueue,383909879808 KB,383877431296 KB,-32448512 KB
lockfree_queue,ref_counting,enqueue,383877431296 KB,383845048320 KB,-32382976 KB
lockfree_queue,ref_counting,enqueue,383845048320 KB,383812276224 KB,-32772096 KB
lockfree_queue,ref_counting,enqueue,383812276224 KB,383778689024 KB,-33587200 KB
lockfree_queue,ref_counting,enqueue,383778689024 KB,383743594496 KB,-35094528 KB
lockfree_queue,ref_counting,enqueue,383743594496 KB,383708241920 KB,-35352576 KB
lockfree_queue,ref_counting,enqueue,383708241920 KB,383672115200 KB,-36126720 KB
lockfree_queue,ref_counting,enqueue,383672115200 KB,383636246528 KB,-35868672 KB
lockfree_queue,ref_counting,enqueue,383636246528 KB,383599603712 KB,-36642816 KB
lockfree_queue,ref_counting,enqueue,383599603712 KB,383561928704 KB,-37675008 KB
lockfree_queue,ref_counting,enqueue,383561928704 KB,383524769792 KB,-37158912 KB
lockfree_queue,ref_counting,enqueue,383524769792 KB,383486062592 KB,-38707200 KB
lockfree_queue,ref_counting,enqueue,383486062592 KB,383447871488 KB,-38191104 KB
lockfree_queue,ref_counting,enqueue,383447871488 KB,383408918528 KB,-38952960 KB
lockfree_queue,ref_counting,enqueue,383408918528 KB,383370211328 KB,-38707200 KB
lockfree_queue,ref_counting,enqueue,383370211328 KB,383329955840 KB,-40255488 KB
lockfree_queue,ref_counting,enqueue,383329955840 KB,383288668160 KB,-41287680 KB
lockfree_queue,ref_counting,enqueue,383288668160 KB,383247638528 KB,-41029632 KB
lockfree_queue,ref_counting,enqueue,383247638528 KB,383205576704 KB,-42061824 KB
lockfree_queue,ref_counting,enqueue,383205576704 KB,383165640704 KB,-39936000 KB
lockfree_queue,ref_counting,enqueue,383165640704 KB,383122804736 KB,-42835968 KB
lockfree_queue,ref_counting,enqueue,383122804736 KB,383079464960 KB,-43339776 KB
lockfree_queue,ref_counting,enqueue,383079464960 KB,383035080704 KB,-44384256 KB
lockfree_queue,ref_counting,enqueue,383035080704 KB,382990696448 KB,-44384256 KB
lockfree_queue,ref_counting,enqueue,382990696448 KB,382946312192 KB,-44384256 KB
lockfree_queue,ref_counting,enqueue,382946312192 KB,382901415936 KB,-44896256 KB
lockfree_queue,ref_counting,enqueue,382901415936 KB,382859374592 KB,-42041344 KB
lockfree_queue,ref_counting,enqueue,382859374592 KB,382813184000 KB,-46190592 KB
lockfree_queue,ref_counting,enqueue,382813184000 KB,382768635904 KB,-44548096 KB
lockfree_queue,ref_counting,enqueue,382768635904 KB,382720897024 KB,-47738880 KB
lockfree_queue,ref_counting,enqueue,382720897024 KB,382673416192 KB,-47480832 KB
lockfree_queue,ref_counting,enqueue,382673416192 KB,382624903168 KB,-48513024 KB
lockfree_queue,ref_counting,enqueue,382624903168 KB,382575874048 KB,-49029120 KB
lockfree_queue,ref_counting,enqueue,382575874048 KB,382526328832 KB,-49545216 KB
lockfree_queue,ref_counting,enqueue,382526328832 KB,382476267520 KB,-50061312 KB
lockfree_queue,ref_counting,enqueue,382476267520 KB,382426464256 KB,-49803264 KB
lockfree_queue,ref_counting,dequeue,382442332160 KB,382442332160 KB,0 KB
lockfree_queue,ref_counting,dequeue,382441299968 KB,382441299968 KB,0 KB
lockfree_queue,ref_counting,dequeue,382438236160 KB,382438236160 KB,0 KB
lockfree_queue,ref_counting,dequeue,382435254272 KB,382435254272 KB,0 KB
lockfree_queue,ref_counting,dequeue,382432157696 KB,382432157696 KB,0 KB
lockfree_queue,ref_counting,dequeue,382429061120 KB,382429061120 KB,0 KB
lockfree_queue,ref_counting,dequeue,382425448448 KB,382425448448 KB,0 KB
lockfree_queue,ref_counting,dequeue,382422351872 KB,382422351872 KB,0 KB
lockfree_queue,ref_counting,dequeue,382419255296 KB,382419255296 KB,0 KB
lockfree_queue,ref_counting,dequeue,382416158720 KB,382416158720 KB,0 KB
lockfree_queue,ref_counting,dequeue,382413062144 KB,382413062144 KB,0 KB
lockfree_queue,ref_counting,dequeue,382409449472 KB,382409449472 KB,0 KB
lockfree_queue,ref_counting,dequeue,382406352896 KB,382406352896 KB,0 KB
lockfree_queue,ref_counting,dequeue,382403256320 KB,382403256320 KB,0 KB
lockfree_queue,ref_counting,dequeue,382400675840 KB,382400675840 KB,0 KB
lockfree_queue,ref_counting,dequeue,382398095360 KB,382397579264 KB,-516096 KB
lockfree_queue,ref_counting,dequeue,382395514880 KB,382395514880 KB,0 KB
lockfree_queue,ref_counting,dequeue,382394482688 KB,382394482688 KB,0 KB
lockfree_queue,ref_counting,dequeue,382394482688 KB,382394482688 KB,0 KB
lockfree_queue,ref_counting,dequeue,382394482688 KB,382394482688 KB,0 KB
lockfree_queue,ref_counting,dequeue,382394482688 KB,382394482688 KB,0 KB
lockfree_queue,ref_counting,dequeue,382394482688 KB,382394482688 KB,0 KB
lockfree_queue,ref_counting,dequeue,382394482688 KB,382394482688 KB,0 KB
lockfree_queue,ref_counting,dequeue,382394482688 KB,382394482688 KB,0 KB
lockfree_queue,ref_counting,dequeue,382394482688 KB,382394482688 KB,0 KB
lockfree_queue,ref_counting,dequeue,382394482688 KB,382395260928 KB,778240 KB
lockfree_queue,ref_counting,dequeue,382395260928 KB,382397161472 KB,1900544 KB
lockfree_queue,ref_counting,dequeue,382397161472 KB,382399012864 KB,1851392 KB
lockfree_queue,ref_counting,dequeue,382399012864 KB,382403842048 KB,4829184 KB
lockfree_queue,ref_counting,dequeue,382403842048 KB,382409740288 KB,5898240 KB
lockfree_queue,ref_counting,dequeue,382409740288 KB,382424633344 KB,14893056 KB
lockfree_queue,ref_counting,dequeue,382424891392 KB,382425419776 KB,528384 KB
lockfree_queue,ref_counting,dequeue,382425419776 KB,382425419776 KB,0 KB
lockfree_queue,ref_counting,dequeue,382425419776 KB,382425419776 KB,0 KB
lockfree_queue,ref_counting,dequeue,382425419776 KB,382425419776 KB,0 KB
lockfree_queue,ref_counting,dequeue,382425419776 KB,382425677824 KB,258048 KB
lockfree_queue,ref_counting,dequeue,382425677824 KB,382425677824 KB,0 KB
lockfree_queue,ref_counting,dequeue,382425677824 KB,382425677824 KB,0 KB
lockfree_queue,ref_counting,dequeue,382425677824 KB,382425677824 KB,0 KB
lockfree_queue,ref_counting,dequeue,382425677824 KB,382425935872 KB,258048 KB
lockfree_queue,ref_counting,dequeue,382425935872 KB,382425935872 KB,0 KB
lockfree_queue,ref_counting,dequeue,382425935872 KB,382426193920 KB,258048 KB
lockfree_queue,ref_counting,dequeue,382426193920 KB,382426193920 KB,0 KB
lockfree_queue,ref_counting,dequeue,382426451968 KB,382426193920 KB,-258048 KB
lockfree_queue,ref_counting,dequeue,382426193920 KB,382428884992 KB,2691072 KB
lockfree_queue,ref_counting,dequeue,382428884992 KB,382428884992 KB,0 KB
lockfree_queue,ref_counting,dequeue,382428884992 KB,382428884992 KB,0 KB
lockfree_queue,ref_counting,dequeue,382428884992 KB,382428884992 KB,0 KB
lockfree_queue,ref_counting,dequeue,382428884992 KB,382428884992 KB,0 KB
lockfree_queue,ref_counting,dequeue,382428884992 KB,382428884992 KB,0 KB
lockfree_queue,ref_counting,dequeue,382428884992 KB,382429421568 KB,536576 KB
lockfree_queue,ref_counting,dequeue,382429421568 KB,382429421568 KB,0 KB
lockfree_queue,ref_counting,dequeue,382429421568 KB,382429421568 KB,0 KB
lockfree_queue,ref_counting,dequeue,382429421568 KB,382429421568 KB,0 KB
lockfree_queue,ref_counting,dequeue,382429421568 KB,382429421568 KB,0 KB
lockfree_queue,ref_counting,dequeue,382429421568 KB,382429421568 KB,0 KB
lockfree_queue,ref_counting,dequeue,382429421568 KB,382429421568 KB,0 KB
lockfree_queue,ref_counting,dequeue,382429421568 KB,382429421568 KB,0 KB
lockfree_queue,ref_counting,dequeue,382429421568 KB,382429421568 KB,0 KB
lockfree_queue,ref_counting,dequeue,382429421568 KB,382429421568 KB,0 KB
lockfree_queue,ref_counting,dequeue,382429421568 KB,382429421568 KB,0 KB
lockfree_queue,ref_counting,dequeue,382429421568 KB,382429679616 KB,258048 KB
lockfree_queue,ref_counting,dequeue,382429679616 KB,382429941760 KB,262144 KB
lockfree_queue,ref_counting,dequeue,382429941760 KB,382430457856 KB,516096 KB
lockfree_queue,ref_counting,dequeue,382430457856 KB,382430973952 KB,516096 KB
lockfree_queue,ref_counting,dequeue,382430973952 KB,382430973952 KB,0 KB
lockfree_queue,ref_counting,dequeue,382430973952 KB,382430457856 KB,-516096 KB
lockfree_queue,ref_counting,dequeue,382430457856 KB,382430457856 KB,0 KB
lockfree_queue,ref_counting,dequeue,382430457856 KB,382430457856 KB,0 KB
lockfree_queue,ref_counting,dequeue,382430457856 KB,382430715904 KB,258048 KB
lockfree_queue,ref_counting,dequeue,382430715904 KB,382430715904 KB,0 KB
lockfree_queue,ref_counting,dequeue,382430715904 KB,382430715904 KB,0 KB
lockfree_queue,ref_counting,dequeue,382430715904 KB,382432014336 KB,1298432 KB
lockfree_queue,ref_counting,dequeue,382432014336 KB,382432014336 KB,0 KB
lockfree_queue,ref_counting,dequeue,382432014336 KB,382432014336 KB,0 KB
lockfree_queue,ref_counting,dequeue,382432014336 KB,382432014336 KB,0 KB
lockfree_queue,ref_counting,dequeue,382432014336 KB,382432014336 KB,0 KB
lockfree_queue,ref_counting,dequeue,382432014336 KB,382432014336 KB,0 KB
lockfree_queue,ref_counting,dequeue,382432014336 KB,382432014336 KB,0 KB
lockfree_queue,ref_counting,dequeue,382432014336 KB,382432014336 KB,0 KB
lockfree_queue,ref_counting,dequeue,382432014336 KB,382434308096 KB,2293760 KB
lockfree_queue,ref_counting,dequeue,382434308096 KB,382434308096 KB,0 KB
lockfree_queue,ref_counting,dequeue,382434308096 KB,382435086336 KB,778240 KB
lockfree_queue,ref_counting,dequeue,382435086336 KB,382435602432 KB,516096 KB
lockfree_queue,ref_counting,dequeue,382435602432 KB,382435860480 KB,258048 KB
lockfree_queue,ref_counting,dequeue,382436376576 KB,382435860480 KB,-516096 KB
lockfree_queue,ref_counting,dequeue,382435860480 KB,382436397056 KB,536576 KB
lockfree_queue,ref_counting,dequeue,382436397056 KB,382436397056 KB,0 KB
lockfree_queue,ref_counting,dequeue,382436397056 KB,382437113856 KB,716800 KB
lockfree_queue,ref_counting,dequeue,382437113856 KB,382437113856 KB,0 KB
lockfree_queue,ref_counting,dequeue,382437371904 KB,382437371904 KB,0 KB
lockfree_queue,ref_counting,dequeue,382437371904 KB,382437113856 KB,-258048 KB
lockfree_queue,ref_counting,dequeue,382436868096 KB,382437126144 KB,258048 KB
lockfree_queue,ref_counting,dequeue,382437126144 KB,382437126144 KB,0 KB
lockfree_queue,ref_counting,dequeue,382437126144 KB,382437126144 KB,0 KB
lockfree_queue,ref_counting,dequeue,382437384192 KB,382437384192 KB,0 KB
lockfree_queue,ref_counting,dequeue,382437384192 KB,382437384192 KB,0 KB
lockfree_queue,ref_counting,dequeue,382437384192 KB,382441000960 KB,3616768 KB
lockfree_queue,ref_counting,dequeue,382441000960 KB,382441324544 KB,323584 KB
lockfree_queue,ref_counting,dequeue,382441324544 KB,382441840640 KB,516096 KB
lockfree_queue,ref_counting,dequeue,382441582592 KB,382441582592 KB,0 KB
lockfree_queue,ref_counting,dequeue,382441582592 KB,382441324544 KB,-258048 KB
lockfree_queue,ref_counting,dequeue,382441324544 KB,382441066496 KB,-258048 KB
lockfree_queue,ref_counting,dequeue,382441066496 KB,382441324544 KB,258048 KB
lockfree_queue,ref_counting,dequeue,382441324544 KB,382441324544 KB,0 KB
lockfree_queue,ref_counting,dequeue,382441324544 KB,382441324544 KB,0 KB
lockfree_queue,ref_counting,dequeue,382441324544 KB,382441324544 KB,0 KB
lockfree_queue,ref_counting,dequeue,382441324544 KB,382441582592 KB,258048 KB
lockfree_queue,ref_counting,dequeue,382441840640 KB,382442098688 KB,258048 KB
lockfree_queue,ref_counting,dequeue,382442098688 KB,382442614784 KB,516096 KB
lockfree_queue,ref_counting,dequeue,382442614784 KB,382443905024 KB,1290240 KB
lockfree_queue,ref_counting,dequeue,382444163072 KB,382444421120 KB,258048 KB
lockfree_queue,ref_counting,dequeue,382444163072 KB,382444957696 KB,794624 KB
lockfree_queue,ref_counting,dequeue,382444957696 KB,382444957696 KB,0 KB
lockfree_queue,ref_counting,dequeue,382444957696 KB,382444957696 KB,0 KB
lockfree_queue,ref_counting,dequeue,382444957696 KB,382447456256 KB,2498560 KB
lockfree_queue,ref_counting,dequeue,382447456256 KB,382447734784 KB,278528 KB
lockfree_queue,ref_counting,dequeue,382447734784 KB,382447992832 KB,258048 KB
lockfree_queue,ref_counting,dequeue,382447992832 KB,382448250880 KB,258048 KB
lockfree_queue,ref_counting,dequeue,382448250880 KB,382448508928 KB,258048 KB
lockfree_queue,ref_counting,dequeue,382448508928 KB,382449283072 KB,774144 KB
lockfree_queue,ref_counting,dequeue,382449283072 KB,382451638272 KB,2355200 KB
lockfree_queue,ref_counting,dequeue,382451900416 KB,382452674560 KB,774144 KB
lockfree_queue,ref_counting,dequeue,382452674560 KB,382453706752 KB,1032192 KB
lockfree_queue,ref_counting,dequeue,382453706752 KB,382453706752 KB,0 KB
lockfree_queue,ref_counting,dequeue,382453706752 KB,382456598528 KB,2891776 KB
lockfree_queue,ref_counting,dequeue,382456598528 KB,382456598528 KB,0 KB
lockfree_queue,ref_counting,dequeue,382456598528 KB,382458843136 KB,2244608 KB
lockfree_queue,ref_counting,dequeue,382458843136 KB,382458843136 KB,0 KB
lockfree_queue,ref_counting,dequeue,382458843136 KB,382458843136 KB,0 KB
lockfree_queue,ref_counting,dequeue,382458843136 KB,382459359232 KB,516096 KB
lockfree_queue,seize,enqueue,382457397248 KB,382457397248 KB,0 KB
lockfree_queue,seize,enqueue,382457397248 KB,382457397248 KB,0 KB
lockfree_queue,seize,enqueue,382457397248 KB,382457397248 KB,0 KB
lockfree_queue,seize,enqueue,382457397248 KB,382457397248 KB,0 KB
lockfree_queue,seize,enqueue,382457397248 KB,382457397248 KB,0 KB
lockfree_queue,seize,enqueue,382457397248 KB,382457397248 KB,0 KB
lockfree_queue,seize,enqueue,382457397248 KB,382457397248 KB,0 KB
lockfree_queue,seize,enqueue,382457397248 KB,382457397248 KB,0 KB
lockfree_queue,seize,enqueue,382457397248 KB,382457397248 KB,0 KB
lockfree_queue,seize,enqueue,382457397248 KB,382457397248 KB,0 KB
lockfree_queue,seize,enqueue,382457397248 KB,382457397248 KB,0 KB
lockfree_queue,seize,enqueue,382457397248 KB,382457397248 KB,0 KB
lockfree_queue,seize,enqueue,382457397248 KB,382457397248 KB,0 KB
lockfree_queue,seize,enqueue,382457397248 KB,382457397248 KB,0 KB
lockfree_queue,seize,enqueue,382457397248 KB,382457397248 KB,0 KB
lockfree_queue,seize,enqueue,382457397248 KB,382457397248 KB,0 KB
lockfree_queue,seize,enqueue,382457397248 KB,382457397248 KB,0 KB
lockfree_queue,seize,enqueue,382457397248 KB,382454816768 KB,-2580480 KB
lockfree_queue,seize,enqueue,382454816768 KB,382446612480 KB,-8204288 KB
lockfree_queue,seize,enqueue,382446612480 KB,382429581312 KB,-17031168 KB
lockfree_queue,seize,enqueue,382429581312 KB,382396297216 KB,-33284096 KB
lockfree_queue,seize,enqueue,382396297216 KB,382329475072 KB,-66822144 KB
lockfree_queue,seize,enqueue,382329475072 KB,382195290112 KB,-134184960 KB
lockfree_queue,seize,enqueue,382195290112 KB,381930205184 KB,-265084928 KB
lockfree_queue,seize,enqueue,381930205184 KB,381397803008 KB,-532402176 KB
lockfree_queue,seize,enqueue,381397803008 KB,380338380800 KB,-1059422208 KB
lockfree_queue,seize,enqueue,380338380800 KB,380337864704 KB,-516096 KB
lockfree_queue,seize,enqueue,380337864704 KB,380336832512 KB,-1032192 KB
lockfree_queue,seize,enqueue,380336832512 KB,380335542272 KB,-1290240 KB
lockfree_queue,seize,enqueue,380335542272 KB,380333477888 KB,-2064384 KB
lockfree_queue,seize,enqueue,380333477888 KB,380330897408 KB,-2580480 KB
lockfree_queue,seize,enqueue,380330897408 KB,380327800832 KB,-3096576 KB
lockfree_queue,seize,enqueue,380327800832 KB,380324704256 KB,-3096576 KB
lockfree_queue,seize,enqueue,380324704256 KB,380320575488 KB,-4128768 KB
lockfree_queue,seize,enqueue,380320575488 KB,380315930624 KB,-4644864 KB
lockfree_queue,seize,enqueue,380315930624 KB,380310769664 KB,-5160960 KB
lockfree_queue,seize,enqueue,380310769664 KB,380305350656 KB,-5419008 KB
lockfree_queue,seize,enqueue,380305350656 KB,380299415552 KB,-5935104 KB
lockfree_queue,seize,enqueue,380299415552 KB,380292706304 KB,-6709248 KB
lockfree_queue,seize,enqueue,380292706304 KB,380285997056 KB,-6709248 KB
lockfree_queue,seize,enqueue,380285997056 KB,380278255616 KB,-7741440 KB
lockfree_queue,seize,enqueue,380278255616 KB,380269998080 KB,-8257536 KB
lockfree_queue,seize,enqueue,380269998080 KB,380261224448 KB,-8773632 KB
lockfree_queue,seize,enqueue,380261224448 KB,380251934720 KB,-9289728 KB
lockfree_queue,seize,enqueue,380251934720 KB,380242128896 KB,-9805824 KB
lockfree_queue,seize,enqueue,380242128896 KB,380232323072 KB,-9805824 KB
lockfree_queue,seize,enqueue,380232323072 KB,380221485056 KB,-10838016 KB
lockfree_queue,seize,enqueue,380221485056 KB,380210130944 KB,-11354112 KB
lockfree_queue,seize,enqueue,380210130944 KB,380198776832 KB,-11354112 KB
lockfree_queue,seize,enqueue,380198776832 KB,380186648576 KB,-12128256 KB
lockfree_queue,seize,enqueue,380186648576 KB,380173746176 KB,-12902400 KB
lockfree_queue,seize,enqueue,380173746176 KB,380160843776 KB,-12902400 KB
lockfree_queue,seize,enqueue,380160843776 KB,380147695616 KB,-13148160 KB
lockfree_queue,seize,enqueue,380147695616 KB,380133244928 KB,-14450688 KB
lockfree_queue,seize,enqueue,380133244928 KB,380118278144 KB,-14966784 KB
lockfree_queue,seize,enqueue,380118278144 KB,380103569408 KB,-14708736 KB
lockfree_queue,seize,enqueue,380103569408 KB,380087324672 KB,-16244736 KB
lockfree_queue,seize,enqueue,380087324672 KB,380070809600 KB,-16515072 KB
lockfree_queue,seize,enqueue,380070809600 KB,380054294528 KB,-16515072 KB
lockfree_queue,seize,enqueue,380054294528 KB,380037263360 KB,-17031168 KB
lockfree_queue,seize,enqueue,380037263360 KB,380019716096 KB,-17547264 KB
lockfree_queue,seize,enqueue,380019716096 KB,380001136640 KB,-18579456 KB
lockfree_queue,seize,enqueue,380001136640 KB,379981783040 KB,-19353600 KB
lockfree_queue,seize,enqueue,379981783040 KB,379962687488 KB,-19095552 KB
lockfree_queue,seize,enqueue,379962687488 KB,379942559744 KB,-20127744 KB
lockfree_queue,seize,enqueue,379942559744 KB,379922432000 KB,-20127744 KB
lockfree_queue,seize,enqueue,379922432000 KB,379901272064 KB,-21159936 KB
lockfree_queue,seize,enqueue,379901272064 KB,379879866368 KB,-21405696 KB
lockfree_queue,seize,enqueue,379879866368 KB,379857416192 KB,-22450176 KB
lockfree_queue,seize,enqueue,379857416192 KB,379834707968 KB,-22708224 KB
lockfree_queue,seize,enqueue,379834707968 KB,379811999744 KB,-22708224 KB
lockfree_queue,seize,enqueue,379811999744 KB,379788775424 KB,-23224320 KB
lockfree_queue,seize,enqueue,379788775424 KB,379764518912 KB,-24256512 KB
lockfree_queue,seize,enqueue,379764518912 KB,379739746304 KB,-24772608 KB
lockfree_queue,seize,enqueue,379739746304 KB,379715231744 KB,-24514560 KB
lockfree_queue,seize,enqueue,379715231744 KB,379690233856 KB,-24997888 KB
lockfree_queue,seize,enqueue,379690233856 KB,379663912960 KB,-26320896 KB
lockfree_queue,seize,enqueue,379663912960 KB,379638108160 KB,-25804800 KB
lockfree_queue,seize,enqueue,379638108160 KB,379611025408 KB,-27082752 KB
lockfree_queue,seize,enqueue,379611025408 KB,379584188416 KB,-26836992 KB
lockfree_queue,seize,enqueue,379584188416 KB,379556577280 KB,-27611136 KB
lockfree_queue,seize,enqueue,379556577280 KB,379527933952 KB,-28643328 KB
lockfree_queue,seize,enqueue,379527933952 KB,379498528768 KB,-29405184 KB
lockfree_queue,seize,enqueue,379498528768 KB,379468853248 KB,-29675520 KB
lockfree_queue,seize,enqueue,379468853248 KB,379438403584 KB,-30449664 KB
lockfree_queue,seize,enqueue,379438403584 KB,379407953920 KB,-30449664 KB
lockfree_queue,seize,enqueue,379407953920 KB,379376988160 KB,-30965760 KB
lockfree_queue,seize,enqueue,379376988160 KB,379344990208 KB,-31997952 KB
lockfree_queue,seize,enqueue,379344990208 KB,379312734208 KB,-32256000 KB
lockfree_queue,seize,enqueue,379312734208 KB,379280220160 KB,-32514048 KB
lockfree_queue,seize,enqueue,379280220160 KB,379247190016 KB,-33030144 KB
lockfree_queue,seize,enqueue,379247190016 KB,379213127680 KB,-34062336 KB
lockfree_queue,seize,enqueue,379213127680 KB,379179065344 KB,-34062336 KB
lockfree_queue,seize,enqueue,379179065344 KB,379145003008 KB,-34062336 KB
lockfree_queue,seize,enqueue,379145003008 KB,379113025536 KB,-31977472 KB
lockfree_queue,seize,enqueue,379113025536 KB,379077414912 KB,-35610624 KB
lockfree_queue,seize,enqueue,379076898816 KB,379041792000 KB,-35106816 KB
lockfree_queue,seize,enqueue,379041792000 KB,379004899328 KB,-36892672 KB
lockfree_queue,seize,enqueue,379004899328 KB,378967482368 KB,-37416960 KB
lockfree_queue,seize,enqueue,378967482368 KB,378929807360 KB,-37675008 KB
lockfree_queue,seize,enqueue,378929807360 KB,378891616256 KB,-38191104 KB
lockfree_queue,seize,enqueue,378891616256 KB,378852909056 KB,-38707200 KB
lockfree_queue,seize,enqueue,378852909056 KB,378812911616 KB,-39997440 KB
lockfree_queue,seize,enqueue,378812911616 KB,378773172224 KB,-39739392 KB
lockfree_queue,seize,enqueue,378773172224 KB,378732916736 KB,-40255488 KB
lockfree_queue,seize,enqueue,378732916736 KB,378692145152 KB,-40771584 KB
lockfree_queue,seize,enqueue,378692145152 KB,378650857472 KB,-41287680 KB
lockfree_queue,seize,enqueue,378650857472 KB,378611666944 KB,-39190528 KB
lockfree_queue,seize,enqueue,378611666944 KB,378569605120 KB,-42061824 KB
lockfree_queue,seize,enqueue,378569605120 KB,378527543296 KB,-42061824 KB
lockfree_queue,seize,enqueue,378527543296 KB,378484211712 KB,-43331584 KB
lockfree_queue,seize,enqueue,378484211712 KB,378440601600 KB,-43610112 KB
lockfree_queue,seize,enqueue,378440601600 KB,378395959296 KB,-44642304 KB
lockfree_queue,seize,enqueue,378395959296 KB,378351575040 KB,-44384256 KB
lockfree_queue,seize,enqueue,378351575040 KB,378305900544 KB,-45674496 KB
lockfree_queue,seize,enqueue,378305900544 KB,378259193856 KB,-46706688 KB
lockfree_queue,seize,enqueue,378259193856 KB,378213519360 KB,-45674496 KB
lockfree_queue,seize,enqueue,378213003264 KB,378166554624 KB,-46448640 KB
lockfree_queue,seize,enqueue,378166554624 KB,378119335936 KB,-47218688 KB
lockfree_queue,seize,enqueue,378119335936 KB,378074722304 KB,-44613632 KB
lockfree_queue,seize,enqueue,378074206208 KB,378026237952 KB,-47968256 KB
lockfree_queue,seize,enqueue,378026237952 KB,377976950784 KB,-49287168 KB
lockfree_queue,seize,enqueue,377976950784 KB,377927958528 KB,-48992256 KB
lockfree_queue,seize,enqueue,377927958528 KB,377877639168 KB,-50319360 KB
lockfree_queue,seize,enqueue,377877639168 KB,377829142528 KB,-48496640 KB
lockfree_queue,seize,enqueue,377828626432 KB,377778049024 KB,-50577408 KB
lockfree_queue,seize,dequeue,377781911552 KB,377781911552 KB,0 KB
lockfree_queue,seize,dequeue,377782190080 KB,377782190080 KB,0 KB
lockfree_queue,seize,dequeue,377781469184 KB,377781469184 KB,0 KB
lockfree_queue,seize,dequeue,377778372608 KB,377778372608 KB,0 KB
lockfree_queue,seize,dequeue,377775079424 KB,377775079424 KB,0 KB
lockfree_queue,seize,dequeue,377771466752 KB,377771466752 KB,0 KB
lockfree_queue,seize,dequeue,377768370176 KB,377768370176 KB,0 KB
lockfree_queue,seize,dequeue,377765273600 KB,377765273600 KB,0 KB
lockfree_queue,seize,dequeue,377762463744 KB,377762463744 KB,0 KB
lockfree_queue,seize,dequeue,377759367168 KB,377759367168 KB,0 KB
lockfree_queue,seize,dequeue,377755754496 KB,377755754496 KB,0 KB
lockfree_queue,seize,dequeue,377752657920 KB,377752657920 KB,0 KB
lockfree_queue,seize,dequeue,377749561344 KB,377749561344 KB,0 KB
lockfree_queue,seize,dequeue,377746464768 KB,377746464768 KB,0 KB
lockfree_queue,seize,dequeue,377743884288 KB,377743884288 KB,0 KB
lockfree_queue,seize,dequeue,377740787712 KB,377740787712 KB,0 KB
lockfree_queue,seize,dequeue,377738723328 KB,377738723328 KB,0 KB
lockfree_queue,seize,dequeue,377737691136 KB,377737691136 KB,0 KB
lockfree_queue,seize,dequeue,377737437184 KB,377737437184 KB,0 KB
lockfree_queue,seize,dequeue,377737437184 KB,377737437184 KB,0 KB
lockfree_queue,seize,dequeue,377737695232 KB,377737695232 KB,0 KB
lockfree_queue,seize,dequeue,377737695232 KB,377737695232 KB,0 KB
lockfree_queue,seize,dequeue,377737695232 KB,377737695232 KB,0 KB
lockfree_queue,seize,dequeue,377737695232 KB,377737953280 KB,258048 KB
lockfree_queue,seize,dequeue,377737953280 KB,377737953280 KB,0 KB
lockfree_queue,seize,dequeue,377737953280 KB,377738297344 KB,344064 KB
lockfree_queue,seize,dequeue,377738297344 KB,377738797056 KB,499712 KB
lockfree_queue,seize,dequeue,377738797056 KB,377739071488 KB,274432 KB
lockfree_queue,seize,dequeue,377739071488 KB,377738567680 KB,-503808 KB
lockfree_queue,seize,dequeue,377738567680 KB,377740644352 KB,2076672 KB
lockfree_queue,seize,dequeue,377740644352 KB,377742745600 KB,2101248 KB
lockfree_queue,seize,dequeue,377742745600 KB,377751359488 KB,8613888 KB
lockfree_queue,seize,dequeue,377751359488 KB,377751359488 KB,0 KB
lockfree_queue,seize,dequeue,377751359488 KB,377751359488 KB,0 KB
lockfree_queue,seize,dequeue,377751359488 KB,377751359488 KB,0 KB
lockfree_queue,seize,dequeue,377751359488 KB,377751359488 KB,0 KB
lockfree_queue,seize,dequeue,377751359488 KB,377751359488 KB,0 KB
lockfree_queue,seize,dequeue,377751359488 KB,377751359488 KB,0 KB
lockfree_queue,seize,dequeue,377751359488 KB,377751359488 KB,0 KB
lockfree_queue,seize,dequeue,377751359488 KB,377751359488 KB,0 KB
lockfree_queue,seize,dequeue,377751359488 KB,377751359488 KB,0 KB
lockfree_queue,seize,dequeue,377751359488 KB,377751359488 KB,0 KB
lockfree_queue,seize,dequeue,377751359488 KB,377754169344 KB,2809856 KB
lockfree_queue,seize,dequeue,377754169344 KB,377754169344 KB,0 KB
lockfree_queue,seize,dequeue,377756266496 KB,377756266496 KB,0 KB
lockfree_queue,seize,dequeue,377756266496 KB,377756266496 KB,0 KB
lockfree_queue,seize,dequeue,377756266496 KB,377756266496 KB,0 KB
lockfree_queue,seize,dequeue,377756266496 KB,377756266496 KB,0 KB
lockfree_queue,seize,dequeue,377756266496 KB,377756266496 KB,0 KB
lockfree_queue,seize,dequeue,377756524544 KB,377756524544 KB,0 KB
lockfree_queue,seize,dequeue,377756524544 KB,377756524544 KB,0 KB
lockfree_queue,seize,dequeue,377756524544 KB,377756524544 KB,0 KB
lockfree_queue,seize,dequeue,377756524544 KB,377756782592 KB,258048 KB
lockfree_queue,seize,dequeue,377756782592 KB,377756782592 KB,0 KB
lockfree_queue,seize,dequeue,377756782592 KB,377756782592 KB,0 KB
lockfree_queue,seize,dequeue,377756782592 KB,377756524544 KB,-258048 KB
lockfree_queue,seize,dequeue,377756524544 KB,377756524544 KB,0 KB
lockfree_queue,seize,dequeue,377756524544 KB,377756266496 KB,-258048 KB
lockfree_queue,seize,dequeue,377756266496 KB,377756008448 KB,-258048 KB
lockfree_queue,seize,dequeue,377756266496 KB,377756524544 KB,258048 KB
lockfree_queue,seize,dequeue,377759109120 KB,377758851072 KB,-258048 KB
lockfree_queue,seize,dequeue,377758851072 KB,377758851072 KB,0 KB
lockfree_queue,seize,dequeue,377758851072 KB,377758851072 KB,0 KB
lockfree_queue,seize,dequeue,377758851072 KB,377758851072 KB,0 KB
lockfree_queue,seize,dequeue,377758851072 KB,377758851072 KB,0 KB
lockfree_queue,seize,dequeue,377758851072 KB,377758851072 KB,0 KB
lockfree_queue,seize,dequeue,377758851072 KB,377758851072 KB,0 KB
lockfree_queue,seize,dequeue,377758851072 KB,377759109120 KB,258048 KB
lockfree_queue,seize,dequeue,377759109120 KB,377759109120 KB,0 KB
lockfree_queue,seize,dequeue,377759109120 KB,377759625216 KB,516096 KB
lockfree_queue,seize,dequeue,377759625216 KB,377759625216 KB,0 KB
lockfree_queue,seize,dequeue,377759625216 KB,377759625216 KB,0 KB
lockfree_queue,seize,dequeue,377759625216 KB,377761722368 KB,2097152 KB
lockfree_queue,seize,dequeue,377761722368 KB,377762234368 KB,512000 KB
lockfree_queue,seize,dequeue,377762234368 KB,377762750464 KB,516096 KB
lockfree_queue,seize,dequeue,377762750464 KB,377762750464 KB,0 KB
lockfree_queue,seize,dequeue,377762750464 KB,377763008512 KB,258048 KB
lockfree_queue,seize,dequeue,377763008512 KB,377763008512 KB,0 KB
lockfree_queue,seize,dequeue,377762938880 KB,377762938880 KB,0 KB
lockfree_queue,seize,dequeue,377762938880 KB,377762938880 KB,0 KB
lockfree_queue,seize,dequeue,377762938880 KB,377762422784 KB,-516096 KB
lockfree_queue,seize,dequeue,377762422784 KB,377762680832 KB,258048 KB
lockfree_queue,seize,dequeue,377762680832 KB,377762680832 KB,0 KB
lockfree_queue,seize,dequeue,377762680832 KB,377762680832 KB,0 KB
lockfree_queue,seize,dequeue,377762680832 KB,377762680832 KB,0 KB
lockfree_queue,seize,dequeue,377762680832 KB,377762680832 KB,0 KB
lockfree_queue,seize,dequeue,377762680832 KB,377762938880 KB,258048 KB
lockfree_queue,seize,dequeue,377762938880 KB,377762938880 KB,0 KB
lockfree_queue,seize,dequeue,377762938880 KB,377762938880 KB,0 KB
lockfree_queue,seize,dequeue,377762938880 KB,377763196928 KB,258048 KB
lockfree_queue,seize,dequeue,377763196928 KB,377768165376 KB,4968448 KB
lockfree_queue,seize,dequeue,377768165376 KB,377768435712 KB,270336 KB
lockfree_queue,seize,dequeue,377768435712 KB,377768951808 KB,516096 KB
lockfree_queue,seize,dequeue,377768951808 KB,377769209856 KB,258048 KB
lockfree_queue,seize,dequeue,377769209856 KB,377769209856 KB,0 KB
lockfree_queue,seize,dequeue,377769209856 KB,377768951808 KB,-258048 KB
lockfree_queue,seize,dequeue,377768951808 KB,377768693760 KB,-258048 KB
lockfree_queue,seize,dequeue,377768693760 KB,377768693760 KB,0 KB
lockfree_queue,seize,dequeue,377768693760 KB,377768693760 KB,0 KB
lockfree_queue,seize,dequeue,377768693760 KB,377768693760 KB,0 KB
lockfree_queue,seize,dequeue,377768693760 KB,377768693760 KB,0 KB
lockfree_queue,seize,dequeue,377768693760 KB,377768693760 KB,0 KB
lockfree_queue,seize,dequeue,377768693760 KB,377768951808 KB,258048 KB
lockfree_queue,seize,dequeue,377768951808 KB,377769209856 KB,258048 KB
lockfree_queue,seize,dequeue,377771311104 KB,377773735936 KB,2424832 KB
lockfree_queue,seize,dequeue,377773735936 KB,377774252032 KB,516096 KB
lockfree_queue,seize,dequeue,377774252032 KB,377774252032 KB,0 KB
lockfree_queue,seize,dequeue,377774252032 KB,377774510080 KB,258048 KB
lockfree_queue,seize,dequeue,377774252032 KB,377774510080 KB,258048 KB
lockfree_queue,seize,dequeue,377774252032 KB,377773993984 KB,-258048 KB
lockfree_queue,seize,dequeue,377773993984 KB,377774252032 KB,258048 KB
lockfree_queue,seize,dequeue,377774252032 KB,377774252032 KB,0 KB
lockfree_queue,seize,dequeue,377774252032 KB,377772978176 KB,-1273856 KB
lockfree_queue,seize,dequeue,377772978176 KB,377773133824 KB,155648 KB
lockfree_queue,seize,dequeue,377773133824 KB,377775583232 KB,2449408 KB
lockfree_queue,seize,dequeue,377775583232 KB,377780539392 KB,4956160 KB
lockfree_queue,seize,dequeue,377780539392 KB,377780539392 KB,0 KB
lockfree_queue,seize,dequeue,377780539392 KB,377780539392 KB,0 KB
lockfree_queue,seize,dequeue,377780539392 KB,377781317632 KB,778240 KB
lockfree_queue,seize,dequeue,377781317632 KB,377781059584 KB,-258048 KB
lockfree_queue,seize,dequeue,377781059584 KB,377783214080 KB,2154496 KB
lockfree_queue,seize,dequeue,377783214080 KB,377783472128 KB,258048 KB
lockfree_queue,seize,dequeue,377783472128 KB,377783472128 KB,0 KB
lockfree_queue,seize,dequeue,377783472128 KB,377783730176 KB,258048 KB
lockfree_queue,seize,dequeue,377783730176 KB,377783988224 KB,258048 KB
lockfree_queue,seize,dequeue,377783988224 KB,377783988224 KB,0 KB
lockfree_queue,seize,dequeue,377786343424 KB,377787117568 KB,774144 KB
lockfree_queue,seize,dequeue,377787117568 KB,377787375616 KB,258048 KB
lockfree_queue,seize,dequeue,377787375616 KB,377787375616 KB,0 KB
lockfree_queue,seize,dequeue,377787375616 KB,377787375616 KB,0 KB
lockfree_queue,seize,dequeue,377787375616 KB,377787117568 KB,-258048 KB
lockfree_queue,seize,dequeue,377787117568 KB,377787375616 KB,258048 KB
lockfree_queue,crossbeam,enqueue,377791664128 KB,377791664128 KB,0 KB
lockfree_queue,crossbeam,enqueue,377791664128 KB,377791664128 KB,0 KB
lockfree_queue,crossbeam,enqueue,377791664128 KB,377791664128 KB,0 KB
lockfree_queue,crossbeam,enqueue,377791664128 KB,377791664128 KB,0 KB
lockfree_queue,crossbeam,enqueue,377791664128 KB,377791664128 KB,0 KB
lockfree_queue,crossbeam,enqueue,377791664128 KB,377791664128 KB,0 KB
lockfree_queue,crossbeam,enqueue,377791664128 KB,377791664128 KB,0 KB
lockfree_queue,crossbeam,enqueue,377791664128 KB,377791664128 KB,0 KB
lockfree_queue,crossbeam,enqueue,377791664128 KB,377791664128 KB,0 KB
lockfree_queue,crossbeam,enqueue,377791664128 KB,377791664128 KB,0 KB
lockfree_queue,crossbeam,enqueue,377791664128 KB,377791664128 KB,0 KB
lockfree_queue,crossbeam,enqueue,377791664128 KB,377791664128 KB,0 KB
lockfree_queue,crossbeam,enqueue,377791664128 KB,377791664128 KB,0 KB
lockfree_queue,crossbeam,enqueue,377791664128 KB,377791664128 KB,0 KB
lockfree_queue,crossbeam,enqueue,377791664128 KB,377791664128 KB,0 KB
lockfree_queue,crossbeam,enqueue,377791664128 KB,377791664128 KB,0 KB
lockfree_queue,crossbeam,enqueue,377791664128 KB,377791664128 KB,0 KB
lockfree_queue,crossbeam,enqueue,377791664128 KB,377790152704 KB,-1511424 KB
lockfree_queue,crossbeam,enqueue,377790152704 KB,377781379072 KB,-8773632 KB
lockfree_queue,crossbeam,enqueue,377781379072 KB,377764995072 KB,-16384000 KB
lockfree_queue,crossbeam,enqueue,377764995072 KB,377731448832 KB,-33546240 KB
lockfree_queue,crossbeam,enqueue,377731448832 KB,377666162688 KB,-65286144 KB
lockfree_queue,crossbeam,enqueue,377666162688 KB,377534644224 KB,-131518464 KB
lockfree_queue,crossbeam,enqueue,377534644224 KB,377265758208 KB,-268886016 KB
lockfree_queue,crossbeam,enqueue,377265758208 KB,376731631616 KB,-534126592 KB
lockfree_queue,crossbeam,enqueue,376731631616 KB,375665258496 KB,-1066373120 KB
lockfree_queue,crossbeam,enqueue,375665258496 KB,375665258496 KB,0 KB
lockfree_queue,crossbeam,enqueue,375665258496 KB,375664226304 KB,-1032192 KB
lockfree_queue,crossbeam,enqueue,375664226304 KB,375662678016 KB,-1548288 KB
lockfree_queue,crossbeam,enqueue,375662678016 KB,375660613632 KB,-2064384 KB
lockfree_queue,crossbeam,enqueue,375660613632 KB,375658033152 KB,-2580480 KB
lockfree_queue,crossbeam,enqueue,375658033152 KB,375654936576 KB,-3096576 KB
lockfree_queue,crossbeam,enqueue,375654936576 KB,375651323904 KB,-3612672 KB
lockfree_queue,crossbeam,enqueue,375651323904 KB,375647195136 KB,-4128768 KB
lockfree_queue,crossbeam,enqueue,375647195136 KB,375643066368 KB,-4128768 KB
lockfree_queue,crossbeam,enqueue,375643066368 KB,375637905408 KB,-5160960 KB
lockfree_queue,crossbeam,enqueue,375637905408 KB,375632486400 KB,-5419008 KB
lockfree_queue,crossbeam,enqueue,375632486400 KB,375626293248 KB,-6193152 KB
lockfree_queue,crossbeam,enqueue,375626293248 KB,375619584000 KB,-6709248 KB
lockfree_queue,crossbeam,enqueue,375619584000 KB,375612358656 KB,-7225344 KB
lockfree_queue,crossbeam,enqueue,375612358656 KB,375604617216 KB,-7741440 KB
lockfree_queue,crossbeam,enqueue,375604617216 KB,375596875776 KB,-7741440 KB
lockfree_queue,crossbeam,enqueue,375596875776 KB,375588651008 KB,-8224768 KB
lockfree_queue,crossbeam,enqueue,375588651008 KB,375579361280 KB,-9289728 KB
lockfree_queue,crossbeam,enqueue,375579361280 KB,375569813504 KB,-9547776 KB
lockfree_queue,crossbeam,enqueue,375569813504 KB,375559749632 KB,-10063872 KB
lockfree_queue,crossbeam,enqueue,375559749632 KB,375548911616 KB,-10838016 KB
lockfree_queue,crossbeam,enqueue,375548911616 KB,375538073600 KB,-10838016 KB
lockfree_queue,crossbeam,enqueue,375538073600 KB,375526203392 KB,-11870208 KB
lockfree_queue,crossbeam,enqueue,375526203392 KB,375514333184 KB,-11870208 KB
lockfree_queue,crossbeam,enqueue,375514333184 KB,375501688832 KB,-12644352 KB
lockfree_queue,crossbeam,enqueue,375501688832 KB,375488270336 KB,-13418496 KB
lockfree_queue,crossbeam,enqueue,375488270336 KB,375474335744 KB,-13934592 KB
lockfree_queue,crossbeam,enqueue,375474335744 KB,375460401152 KB,-13934592 KB
lockfree_queue,crossbeam,enqueue,375460401152 KB,375445434368 KB,-14966784 KB
lockfree_queue,crossbeam,enqueue,375445434368 KB,375430467584 KB,-14966784 KB
lockfree_queue,crossbeam,enqueue,375430467584 KB,375414468608 KB,-15998976 KB
lockfree_queue,crossbeam,enqueue,375414468608 KB,375398469632 KB,-15998976 KB
lockfree_queue,crossbeam,enqueue,375398469632 KB,375381954560 KB,-16515072 KB
lockfree_queue,crossbeam,enqueue,375381954560 KB,375364407296 KB,-17547264 KB
lockfree_queue,crossbeam,enqueue,375364407296 KB,375346343936 KB,-18063360 KB
lockfree_queue,crossbeam,enqueue,375346343936 KB,375328538624 KB,-17805312 KB
lockfree_queue,crossbeam,enqueue,375328538624 KB,375309443072 KB,-19095552 KB
lockfree_queue,crossbeam,enqueue,375309443072 KB,375290347520 KB,-19095552 KB
lockfree_queue,crossbeam,enqueue,375290347520 KB,375270735872 KB,-19611648 KB
lockfree_queue,crossbeam,enqueue,375270735872 KB,375250092032 KB,-20643840 KB
lockfree_queue,crossbeam,enqueue,375250092032 KB,375229706240 KB,-20385792 KB
lockfree_queue,crossbeam,enqueue,375229706240 KB,375208030208 KB,-21676032 KB
lockfree_queue,crossbeam,enqueue,375208030208 KB,375186612224 KB,-21417984 KB
lockfree_queue,crossbeam,enqueue,375186612224 KB,375167029248 KB,-19582976 KB
lockfree_queue,crossbeam,enqueue,375167029248 KB,375144062976 KB,-22966272 KB
lockfree_queue,crossbeam,enqueue,375144062976 KB,375120838656 KB,-23224320 KB
lockfree_queue,crossbeam,enqueue,375120838656 KB,375097872384 KB,-22966272 KB
lockfree_queue,crossbeam,enqueue,375097872384 KB,375073357824 KB,-24514560 KB
lockfree_queue,crossbeam,enqueue,375073357824 KB,375048069120 KB,-25288704 KB
lockfree_queue,crossbeam,enqueue,375048069120 KB,375022780416 KB,-25288704 KB
lockfree_queue,crossbeam,enqueue,375022780416 KB,374996459520 KB,-26320896 KB
lockfree_queue,crossbeam,enqueue,374996459520 KB,374970138624 KB,-26320896 KB
lockfree_queue,crossbeam,enqueue,374970138624 KB,374943301632 KB,-26836992 KB
lockfree_queue,crossbeam,enqueue,374943301632 KB,374915948544 KB,-27353088 KB
lockfree_queue,crossbeam,enqueue,374915948544 KB,374887563264 KB,-28385280 KB
lockfree_queue,crossbeam,enqueue,374887563264 KB,374859177984 KB,-28385280 KB
lockfree_queue,crossbeam,enqueue,374859177984 KB,374830276608 KB,-28901376 KB
lockfree_queue,crossbeam,enqueue,374830276608 KB,374800859136 KB,-29417472 KB
lockfree_queue,crossbeam,enqueue,374800859136 KB,374770925568 KB,-29933568 KB
lockfree_queue,crossbeam,enqueue,374770925568 KB,374740475904 KB,-30449664 KB
lockfree_queue,crossbeam,enqueue,374740475904 KB,374709510144 KB,-30965760 KB
lockfree_queue,crossbeam,enqueue,374709510144 KB,374677770240 KB,-31739904 KB
lockfree_queue,crossbeam,enqueue,374677770240 KB,374646321152 KB,-31449088 KB
lockfree_queue,crossbeam,enqueue,374646321152 KB,374614073344 KB,-32247808 KB
lockfree_queue,crossbeam,enqueue,374614073344 KB,374581043200 KB,-33030144 KB
lockfree_queue,crossbeam,enqueue,374581043200 KB,374548013056 KB,-33030144 KB
lockfree_queue,crossbeam,enqueue,374548013056 KB,374514208768 KB,-33804288 KB
lockfree_queue,crossbeam,enqueue,374514208768 KB,374479888384 KB,-34320384 KB
lockfree_queue,crossbeam,enqueue,374479888384 KB,374444535808 KB,-35352576 KB
lockfree_queue,crossbeam,enqueue,374444535808 KB,374408925184 KB,-35610624 KB
lockfree_queue,crossbeam,enqueue,374408925184 KB,374372798464 KB,-36126720 KB
lockfree_queue,crossbeam,enqueue,374372798464 KB,374336155648 KB,-36642816 KB
lockfree_queue,crossbeam,enqueue,374336155648 KB,374298996736 KB,-37158912 KB
lockfree_queue,crossbeam,enqueue,374298996736 KB,374261579776 KB,-37416960 KB
lockfree_queue,crossbeam,enqueue,374261579776 KB,374223904768 KB,-37675008 KB
lockfree_queue,crossbeam,enqueue,374223904768 KB,374185455616 KB,-38449152 KB
lockfree_queue,crossbeam,enqueue,374185455616 KB,374146490368 KB,-38965248 KB
lockfree_queue,crossbeam,enqueue,374146490368 KB,374107009024 KB,-39481344 KB
lockfree_queue,crossbeam,enqueue,374107009024 KB,374069366784 KB,-37642240 KB
lockfree_queue,crossbeam,enqueue,374069366784 KB,374028591104 KB,-40775680 KB
lockfree_queue,crossbeam,enqueue,374028591104 KB,373988077568 KB,-40513536 KB
lockfree_queue,crossbeam,enqueue,373988077568 KB,373946531840 KB,-41545728 KB
lockfree_queue,crossbeam,enqueue,373946531840 KB,373903695872 KB,-42835968 KB
lockfree_queue,crossbeam,enqueue,373903695872 KB,373861634048 KB,-42061824 KB
lockfree_queue,crossbeam,enqueue,373861634048 KB,373818798080 KB,-42835968 KB
lockfree_queue,crossbeam,enqueue,373818798080 KB,373774929920 KB,-43868160 KB
lockfree_queue,crossbeam,enqueue,373774929920 KB,373730545664 KB,-44384256 KB
lockfree_queue,crossbeam,enqueue,373730545664 KB,373686161408 KB,-44384256 KB
lockfree_queue,crossbeam,enqueue,373686161408 KB,373641003008 KB,-45158400 KB
lockfree_queue,crossbeam,enqueue,373641003008 KB,373595328512 KB,-45674496 KB
lockfree_queue,crossbeam,enqueue,373595328512 KB,373549395968 KB,-45932544 KB
lockfree_queue,crossbeam,enqueue,373549395968 KB,373503205376 KB,-46190592 KB
lockfree_queue,crossbeam,enqueue,373503205376 KB,373456240640 KB,-46964736 KB
lockfree_queue,crossbeam,enqueue,373456240640 KB,373410844672 KB,-45395968 KB
lockfree_queue,crossbeam,enqueue,373410844672 KB,373362589696 KB,-48254976 KB
lockfree_queue,crossbeam,enqueue,373362589696 KB,373313560576 KB,-49029120 KB
lockfree_queue,crossbeam,enqueue,373313560576 KB,373265047552 KB,-48513024 KB
lockfree_queue,crossbeam,enqueue,373265047552 KB,373214986240 KB,-50061312 KB
lockfree_queue,crossbeam,enqueue,373214986240 KB,373164924928 KB,-50061312 KB
lockfree_queue,crossbeam,enqueue,373164408832 KB,373116596224 KB,-47812608 KB
lockfree_queue,crossbeam,dequeue,373113286656 KB,373113286656 KB,0 KB
lockfree_queue,crossbeam,dequeue,373111750656 KB,373111750656 KB,0 KB
lockfree_queue,crossbeam,dequeue,373108654080 KB,373108654080 KB,0 KB
lockfree_queue,crossbeam,dequeue,373105332224 KB,373105332224 KB,0 KB
lockfree_queue,crossbeam,dequeue,373102235648 KB,373102235648 KB,0 KB
lockfree_queue,crossbeam,dequeue,373099139072 KB,373099139072 KB,0 KB
lockfree_queue,crossbeam,dequeue,373096042496 KB,373096042496 KB,0 KB
lockfree_queue,crossbeam,dequeue,373092945920 KB,373092945920 KB,0 KB
lockfree_queue,crossbeam,dequeue,373089333248 KB,373089333248 KB,0 KB
lockfree_queue,crossbeam,dequeue,373086236672 KB,373086236672 KB,0 KB
lockfree_queue,crossbeam,dequeue,373083140096 KB,373083140096 KB,0 KB
lockfree_queue,crossbeam,dequeue,373080043520 KB,373080043520 KB,0 KB
lockfree_queue,crossbeam,dequeue,373076946944 KB,373076946944 KB,0 KB
lockfree_queue,crossbeam,dequeue,373073850368 KB,373073850368 KB,0 KB
lockfree_queue,crossbeam,dequeue,373070753792 KB,373070753792 KB,0 KB
lockfree_queue,crossbeam,dequeue,373068173312 KB,373068173312 KB,0 KB
lockfree_queue,crossbeam,dequeue,373066108928 KB,373066108928 KB,0 KB
lockfree_queue,crossbeam,dequeue,373065076736 KB,373065076736 KB,0 KB
lockfree_queue,crossbeam,dequeue,373065076736 KB,373065076736 KB,0 KB
lockfree_queue,crossbeam,dequeue,373065076736 KB,373065076736 KB,0 KB
lockfree_queue,crossbeam,dequeue,373065334784 KB,373065334784 KB,0 KB
lockfree_queue,crossbeam,dequeue,373065592832 KB,373065592832 KB,0 KB
lockfree_queue,crossbeam,dequeue,373065592832 KB,373065592832 KB,0 KB
lockfree_queue,crossbeam,dequeue,373065592832 KB,373065592832 KB,0 KB
lockfree_queue,crossbeam,dequeue,373065592832 KB,373065592832 KB,0 KB
lockfree_queue,crossbeam,dequeue,373065592832 KB,373065592832 KB,0 KB
lockfree_queue,crossbeam,dequeue,373065592832 KB,373065592832 KB,0 KB
lockfree_queue,crossbeam,dequeue,373065592832 KB,373065592832 KB,0 KB
lockfree_queue,crossbeam,dequeue,373065592832 KB,373065605120 KB,12288 KB
lockfree_queue,crossbeam,dequeue,373065605120 KB,373067644928 KB,2039808 KB
lockfree_queue,crossbeam,dequeue,373067644928 KB,373070487552 KB,2842624 KB
lockfree_queue,crossbeam,dequeue,373070487552 KB,373075247104 KB,4759552 KB
lockfree_queue,crossbeam,dequeue,373075247104 KB,373075787776 KB,540672 KB
lockfree_queue,crossbeam,dequeue,373075787776 KB,373075787776 KB,0 KB
lockfree_queue,crossbeam,dequeue,373075787776 KB,373075787776 KB,0 KB
lockfree_queue,crossbeam,dequeue,373075787776 KB,373076045824 KB,258048 KB
lockfree_queue,crossbeam,dequeue,373075787776 KB,373075787776 KB,0 KB
lockfree_queue,crossbeam,dequeue,373075787776 KB,373075787776 KB,0 KB
lockfree_queue,crossbeam,dequeue,373076058112 KB,373076058112 KB,0 KB
lockfree_queue,crossbeam,dequeue,373076058112 KB,373076336640 KB,278528 KB
lockfree_queue,crossbeam,dequeue,373076336640 KB,373076336640 KB,0 KB
lockfree_queue,crossbeam,dequeue,373076090880 KB,373076090880 KB,0 KB
lockfree_queue,crossbeam,dequeue,373076090880 KB,373076090880 KB,0 KB
lockfree_queue,crossbeam,dequeue,373076090880 KB,373076348928 KB,258048 KB
lockfree_queue,crossbeam,dequeue,373076348928 KB,373076348928 KB,0 KB
lockfree_queue,crossbeam,dequeue,373076348928 KB,373076348928 KB,0 KB
lockfree_queue,crossbeam,dequeue,373078609920 KB,373078609920 KB,0 KB
lockfree_queue,crossbeam,dequeue,373078609920 KB,373079126016 KB,516096 KB
lockfree_queue,crossbeam,dequeue,373079126016 KB,373078867968 KB,-258048 KB
lockfree_queue,crossbeam,dequeue,373078867968 KB,373078364160 KB,-503808 KB
lockfree_queue,crossbeam,dequeue,373078364160 KB,373078364160 KB,0 KB
lockfree_queue,crossbeam,dequeue,373078364160 KB,373078364160 KB,0 KB
lockfree_queue,crossbeam,dequeue,373078364160 KB,373078364160 KB,0 KB
lockfree_queue,crossbeam,dequeue,373078364160 KB,373078364160 KB,0 KB
lockfree_queue,crossbeam,dequeue,373078364160 KB,373078364160 KB,0 KB
lockfree_queue,crossbeam,dequeue,373078364160 KB,373078364160 KB,0 KB
lockfree_queue,crossbeam,dequeue,373078364160 KB,373078364160 KB,0 KB
lockfree_queue,crossbeam,dequeue,373078364160 KB,373078364160 KB,0 KB
lockfree_queue,crossbeam,dequeue,373078364160 KB,373078364160 KB,0 KB
lockfree_queue,crossbeam,dequeue,373078364160 KB,373078364160 KB,0 KB
lockfree_queue,crossbeam,dequeue,373078364160 KB,373078364160 KB,0 KB
lockfree_queue,crossbeam,dequeue,373078364160 KB,373078364160 KB,0 KB
lockfree_queue,crossbeam,dequeue,373078364160 KB,373078364160 KB,0 KB
lockfree_queue,crossbeam,dequeue,373078364160 KB,373078364160 KB,0 KB
lockfree_queue,crossbeam,dequeue,373078364160 KB,373078622208 KB,258048 KB
lockfree_queue,crossbeam,dequeue,373078880256 KB,373078880256 KB,0 KB
lockfree_queue,crossbeam,dequeue,373078880256 KB,373078880256 KB,0 KB
lockfree_queue,crossbeam,dequeue,373078880256 KB,373078880256 KB,0 KB
lockfree_queue,crossbeam,dequeue,373078880256 KB,373082890240 KB,4009984 KB
lockfree_queue,crossbeam,dequeue,373082116096 KB,373077987328 KB,-4128768 KB
lockfree_queue,crossbeam,dequeue,373076955136 KB,373077118976 KB,163840 KB
lockfree_queue,crossbeam,dequeue,373077118976 KB,373077118976 KB,0 KB
lockfree_queue,crossbeam,dequeue,373077118976 KB,373077377024 KB,258048 KB
lockfree_queue,crossbeam,dequeue,373077377024 KB,373077893120 KB,516096 KB
lockfree_queue,crossbeam,dequeue,373077893120 KB,373082648576 KB,4755456 KB
lockfree_queue,crossbeam,dequeue,373082648576 KB,373082648576 KB,0 KB
lockfree_queue,crossbeam,dequeue,373082648576 KB,373082648576 KB,0 KB
lockfree_queue,crossbeam,dequeue,373082648576 KB,373082648576 KB,0 KB
lockfree_queue,crossbeam,dequeue,373082648576 KB,373082648576 KB,0 KB
lockfree_queue,crossbeam,dequeue,373082648576 KB,373082648576 KB,0 KB
lockfree_queue,crossbeam,dequeue,373082648576 KB,373082648576 KB,0 KB
lockfree_queue,crossbeam,dequeue,373082648576 KB,373082959872 KB,311296 KB
lockfree_queue,crossbeam,dequeue,373082959872 KB,373082959872 KB,0 KB
lockfree_queue,crossbeam,dequeue,373082959872 KB,373082959872 KB,0 KB
lockfree_queue,crossbeam,dequeue,373082959872 KB,373085577216 KB,2617344 KB
lockfree_queue,crossbeam,dequeue,373085577216 KB,373085544448 KB,-32768 KB
lockfree_queue,crossbeam,dequeue,373085544448 KB,373085544448 KB,0 KB
lockfree_queue,crossbeam,dequeue,373085544448 KB,373086060544 KB,516096 KB
lockfree_queue,crossbeam,dequeue,373086060544 KB,373085835264 KB,-225280 KB
lockfree_queue,crossbeam,dequeue,373085835264 KB,373085835264 KB,0 KB
lockfree_queue,crossbeam,dequeue,373085835264 KB,373085577216 KB,-258048 KB
lockfree_queue,crossbeam,dequeue,373085577216 KB,373085577216 KB,0 KB
lockfree_queue,crossbeam,dequeue,373085577216 KB,373085577216 KB,0 KB
lockfree_queue,crossbeam,dequeue,373085577216 KB,373085589504 KB,12288 KB
lockfree_queue,crossbeam,dequeue,373085589504 KB,373085589504 KB,0 KB
lockfree_queue,crossbeam,dequeue,373085589504 KB,373085589504 KB,0 KB
lockfree_queue,crossbeam,dequeue,373085589504 KB,373085589504 KB,0 KB
lockfree_queue,crossbeam,dequeue,373085589504 KB,373085589504 KB,0 KB
lockfree_queue,crossbeam,dequeue,373085589504 KB,373085589504 KB,0 KB
lockfree_queue,crossbeam,dequeue,373085589504 KB,373086105600 KB,516096 KB
lockfree_queue,crossbeam,dequeue,373086105600 KB,373086105600 KB,0 KB
lockfree_queue,crossbeam,dequeue,373086105600 KB,373086105600 KB,0 KB
lockfree_queue,crossbeam,dequeue,373086105600 KB,373086621696 KB,516096 KB
lockfree_queue,crossbeam,dequeue,373086621696 KB,373086621696 KB,0 KB
lockfree_queue,crossbeam,dequeue,373086621696 KB,373088759808 KB,2138112 KB
lockfree_queue,crossbeam,dequeue,373088759808 KB,373088759808 KB,0 KB
lockfree_queue,crossbeam,dequeue,373088759808 KB,373088759808 KB,0 KB
lockfree_queue,crossbeam,dequeue,373088759808 KB,373088759808 KB,0 KB
lockfree_queue,crossbeam,dequeue,373088759808 KB,373088759808 KB,0 KB
lockfree_queue,crossbeam,dequeue,373088759808 KB,373089017856 KB,258048 KB
lockfree_queue,crossbeam,dequeue,373089017856 KB,373089275904 KB,258048 KB
lockfree_queue,crossbeam,dequeue,373089275904 KB,373090050048 KB,774144 KB
lockfree_queue,crossbeam,dequeue,373090050048 KB,373090050048 KB,0 KB
lockfree_queue,crossbeam,dequeue,373090050048 KB,373090226176 KB,176128 KB
lockfree_queue,crossbeam,dequeue,373090226176 KB,373092065280 KB,1839104 KB
lockfree_queue,crossbeam,dequeue,373092065280 KB,373092323328 KB,258048 KB
lockfree_queue,crossbeam,dequeue,373092323328 KB,373092323328 KB,0 KB
lockfree_queue,crossbeam,dequeue,373092323328 KB,373092323328 KB,0 KB
lockfree_queue,crossbeam,dequeue,373092323328 KB,373092323328 KB,0 KB
lockfree_queue,crossbeam,dequeue,373092323328 KB,373092323328 KB,0 KB
lockfree_queue,crossbeam,dequeue,373092323328 KB,373092581376 KB,258048 KB
lockfree_queue,crossbeam,dequeue,373092581376 KB,373093101568 KB,520192 KB
lockfree_queue,crossbeam,dequeue,373093101568 KB,373092134912 KB,-966656 KB
lockfree_queue,crossbeam,dequeue,373092134912 KB,373092679680 KB,544768 KB
lockfree_queue,crossbeam,dequeue,373092679680 KB,373093195776 KB,516096 KB
lockfree_queue,crossbeam,dequeue,373093195776 KB,373093453824 KB,258048 KB
lockfree_queue,crossbeam,dequeue,373093453824 KB,373094223872 KB,770048 KB
lockfree_queue,crossbeam,dequeue,373094223872 KB,373094494208 KB,270336 KB
lockfree_queue,crossbeam,dequeue,373094494208 KB,373094772736 KB,278528 KB
lockfree_queue,crossbeam,dequeue,373094772736 KB,373094772736 KB,0 KB
lockfree_queue,crossbeam,dequeue,373094772736 KB,373094772736 KB,0 KB
lockfree_queue,crossbeam,dequeue,373094772736 KB,373095034880 KB,262144 KB
lockfree_queue,hazard_pointer,enqueue,373105451008 KB,373105451008 KB,0 KB
lockfree_queue,hazard_pointer,enqueue,373105451008 KB,373105451008 KB,0 KB
lockfree_queue,hazard_pointer,enqueue,373105451008 KB,373105451008 KB,0 KB
lockfree_queue,hazard_pointer,enqueue,373105451008 KB,373105451008 KB,0 KB
lockfree_queue,hazard_pointer,enqueue,373105451008 KB,373105451008 KB,0 KB
lockfree_queue,hazard_pointer,enqueue,373105451008 KB,373105451008 KB,0 KB
lockfree_queue,hazard_pointer,enqueue,373105451008 KB,373105451008 KB,0 KB
lockfree_queue,hazard_pointer,enqueue,373105451008 KB,373105451008 KB,0 KB
lockfree_queue,hazard_pointer,enqueue,373105451008 KB,373105451008 KB,0 KB
lockfree_queue,hazard_pointer,enqueue,373105451008 KB,373105451008 KB,0 KB
lockfree_queue,hazard_pointer,enqueue,373105451008 KB,373105451008 KB,0 KB
lockfree_queue,hazard_pointer,enqueue,373105451008 KB,373105451008 KB,0 KB
lockfree_queue,hazard_pointer,enqueue,373105451008 KB,373105451008 KB,0 KB
lockfree_queue,hazard_pointer,enqueue,373105451008 KB,373105451008 KB,0 KB
lockfree_queue,hazard_pointer,enqueue,373105451008 KB,373105451008 KB,0 KB
lockfree_queue,hazard_pointer,enqueue,373105451008 KB,373105451008 KB,0 KB
lockfree_queue,hazard_pointer,enqueue,373105451008 KB,373105451008 KB,0 KB
lockfree_queue,hazard_pointer,enqueue,373105451008 KB,373105483776 KB,32768 KB
lockfree_queue,hazard_pointer,enqueue,373105483776 KB,373098070016 KB,-7413760 KB
lockfree_queue,hazard_pointer,enqueue,373098070016 KB,373081038848 KB,-17031168 KB
lockfree_queue,hazard_pointer,enqueue,373081038848 KB,373047754752 KB,-33284096 KB
lockfree_queue,hazard_pointer,enqueue,373047754752 KB,372980432896 KB,-67321856 KB
lockfree_queue,hazard_pointer,enqueue,372980432896 KB,372845039616 KB,-135393280 KB
lockfree_queue,hazard_pointer,enqueue,372845039616 KB,372577185792 KB,-267853824 KB
lockfree_queue,hazard_pointer,enqueue,372577185792 KB,372058587136 KB,-518598656 KB
lockfree_queue,hazard_pointer,enqueue,372058587136 KB,370988933120 KB,-1069654016 KB
lockfree_queue,hazard_pointer,enqueue,370988933120 KB,370988417024 KB,-516096 KB
lockfree_queue,hazard_pointer,enqueue,370988417024 KB,370987900928 KB,-516096 KB
lockfree_queue,hazard_pointer,enqueue,370987900928 KB,370989023232 KB,1122304 KB
lockfree_queue,hazard_pointer,enqueue,370989023232 KB,370987474944 KB,-1548288 KB
lockfree_queue,hazard_pointer,enqueue,370987474944 KB,370985410560 KB,-2064384 KB
lockfree_queue,hazard_pointer,enqueue,370985410560 KB,370983346176 KB,-2064384 KB
lockfree_queue,hazard_pointer,enqueue,370983346176 KB,370980765696 KB,-2580480 KB
lockfree_queue,hazard_pointer,enqueue,370980765696 KB,370977669120 KB,-3096576 KB
lockfree_queue,hazard_pointer,enqueue,370977669120 KB,370974056448 KB,-3612672 KB
lockfree_queue,hazard_pointer,enqueue,370974056448 KB,370970443776 KB,-3612672 KB
lockfree_queue,hazard_pointer,enqueue,370970443776 KB,370965798912 KB,-4644864 KB
lockfree_queue,hazard_pointer,enqueue,370965798912 KB,370961154048 KB,-4644864 KB
lockfree_queue,hazard_pointer,enqueue,370961154048 KB,370956509184 KB,-4644864 KB
lockfree_queue,hazard_pointer,enqueue,370956509184 KB,370951090176 KB,-5419008 KB
lockfree_queue,hazard_pointer,enqueue,370951090176 KB,370945413120 KB,-5677056 KB
lockfree_queue,hazard_pointer,enqueue,370945413120 KB,370939219968 KB,-6193152 KB
lockfree_queue,hazard_pointer,enqueue,370939219968 KB,370933026816 KB,-6193152 KB
lockfree_queue,hazard_pointer,enqueue,370933026816 KB,370925801472 KB,-7225344 KB
lockfree_queue,hazard_pointer,enqueue,370925801472 KB,370918576128 KB,-7225344 KB
lockfree_queue,hazard_pointer,enqueue,370918576128 KB,370911350784 KB,-7225344 KB
lockfree_queue,hazard_pointer,enqueue,370911350784 KB,370903093248 KB,-8257536 KB
lockfree_queue,hazard_pointer,enqueue,370903093248 KB,370894835712 KB,-8257536 KB
lockfree_queue,hazard_pointer,enqueue,370894835712 KB,370886062080 KB,-8773632 KB
lockfree_queue,hazard_pointer,enqueue,370886062080 KB,370877288448 KB,-8773632 KB
lockfree_queue,hazard_pointer,enqueue,370877288448 KB,370867482624 KB,-9805824 KB
lockfree_queue,hazard_pointer,enqueue,370867482624 KB,370857676800 KB,-9805824 KB
lockfree_queue,hazard_pointer,enqueue,370857676800 KB,370847612928 KB,-10063872 KB
lockfree_queue,hazard_pointer,enqueue,370847612928 KB,370837291008 KB,-10321920 KB
lockfree_queue,hazard_pointer,enqueue,370837291008 KB,370825936896 KB,-11354112 KB
lockfree_queue,hazard_pointer,enqueue,370825936896 KB,370814582784 KB,-11354112 KB
lockfree_queue,hazard_pointer,enqueue,370814582784 KB,370802712576 KB,-11870208 KB
lockfree_queue,hazard_pointer,enqueue,370802712576 KB,370790842368 KB,-11870208 KB
lockfree_queue,hazard_pointer,enqueue,370790842368 KB,370779238400 KB,-11603968 KB
lockfree_queue,hazard_pointer,enqueue,370779238400 KB,370766336000 KB,-12902400 KB
lockfree_queue,hazard_pointer,enqueue,370766336000 KB,370752917504 KB,-13418496 KB
lockfree_queue,hazard_pointer,enqueue,370752917504 KB,370739499008 KB,-13418496 KB
lockfree_queue,hazard_pointer,enqueue,370739499008 KB,370725822464 KB,-13676544 KB
lockfree_queue,hazard_pointer,enqueue,370725822464 KB,370711629824 KB,-14192640 KB
lockfree_queue,hazard_pointer,enqueue,370711629824 KB,370696413184 KB,-15216640 KB
lockfree_queue,hazard_pointer,enqueue,370696413184 KB,370681442304 KB,-14970880 KB
lockfree_queue,hazard_pointer,enqueue,370681442304 KB,370666217472 KB,-15224832 KB
lockfree_queue,hazard_pointer,enqueue,370666217472 KB,370650218496 KB,-15998976 KB
lockfree_queue,hazard_pointer,enqueue,370650218496 KB,370633961472 KB,-16257024 KB
lockfree_queue,hazard_pointer,enqueue,370633961472 KB,370616930304 KB,-17031168 KB
lockfree_queue,hazard_pointer,enqueue,370616930304 KB,370599899136 KB,-17031168 KB
lockfree_queue,hazard_pointer,enqueue,370599899136 KB,370582351872 KB,-17547264 KB
lockfree_queue,hazard_pointer,enqueue,370582351872 KB,370564546560 KB,-17805312 KB
lockfree_queue,hazard_pointer,enqueue,370564546560 KB,370546483200 KB,-18063360 KB
lockfree_queue,hazard_pointer,enqueue,370546483200 KB,370527903744 KB,-18579456 KB
lockfree_queue,hazard_pointer,enqueue,370527903744 KB,370509324288 KB,-18579456 KB
lockfree_queue,hazard_pointer,enqueue,370509324288 KB,370489712640 KB,-19611648 KB
lockfree_queue,hazard_pointer,enqueue,370489712640 KB,370470100992 KB,-19611648 KB
lockfree_queue,hazard_pointer,enqueue,370470100992 KB,370449973248 KB,-20127744 KB
lockfree_queue,hazard_pointer,enqueue,370449973248 KB,370429329408 KB,-20643840 KB
lockfree_queue,hazard_pointer,enqueue,370429329408 KB,370408943616 KB,-20385792 KB
lockfree_queue,hazard_pointer,enqueue,370408943616 KB,370387267584 KB,-21676032 KB
lockfree_queue,hazard_pointer,enqueue,370387267584 KB,370366365696 KB,-20901888 KB
lockfree_queue,hazard_pointer,enqueue,370366365696 KB,370344431616 KB,-21934080 KB
lockfree_queue,hazard_pointer,enqueue,370344431616 KB,370322497536 KB,-21934080 KB
lockfree_queue,hazard_pointer,enqueue,370322497536 KB,370299273216 KB,-23224320 KB
lockfree_queue,hazard_pointer,enqueue,370299273216 KB,370276048896 KB,-23224320 KB
lockfree_queue,hazard_pointer,enqueue,370276048896 KB,370253340672 KB,-22708224 KB
lockfree_queue,hazard_pointer,enqueue,370253340672 KB,370229342208 KB,-23998464 KB
lockfree_queue,hazard_pointer,enqueue,370229342208 KB,370205343744 KB,-23998464 KB
lockfree_queue,hazard_pointer,enqueue,370205343744 KB,370180829184 KB,-24514560 KB
lockfree_queue,hazard_pointer,enqueue,370180829184 KB,370155540480 KB,-25288704 KB
lockfree_queue,hazard_pointer,enqueue,370155540480 KB,370130255872 KB,-25284608 KB
lockfree_queue,hazard_pointer,enqueue,370130255872 KB,370104451072 KB,-25804800 KB
lockfree_queue,hazard_pointer,enqueue,370104451072 KB,370078130176 KB,-26320896 KB
lockfree_queue,hazard_pointer,enqueue,370078130176 KB,370051809280 KB,-26320896 KB
lockfree_queue,hazard_pointer,enqueue,370051809280 KB,370024456192 KB,-27353088 KB
lockfree_queue,hazard_pointer,enqueue,370024456192 KB,369997361152 KB,-27095040 KB
lockfree_queue,hazard_pointer,enqueue,369997361152 KB,369969491968 KB,-27869184 KB
lockfree_queue,hazard_pointer,enqueue,369969491968 KB,369941622784 KB,-27869184 KB
lockfree_queue,hazard_pointer,enqueue,369941622784 KB,369913270272 KB,-28352512 KB
lockfree_queue,hazard_pointer,enqueue,369913270272 KB,369884626944 KB,-28643328 KB
lockfree_queue,hazard_pointer,enqueue,369884626944 KB,369855467520 KB,-29159424 KB
lockfree_queue,hazard_pointer,enqueue,369855467520 KB,369826050048 KB,-29417472 KB
lockfree_queue,hazard_pointer,enqueue,369826050048 KB,369795088384 KB,-30961664 KB
lockfree_queue,hazard_pointer,enqueue,369795088384 KB,369764638720 KB,-30449664 KB
lockfree_queue,hazard_pointer,enqueue,369764638720 KB,369733672960 KB,-30965760 KB
lockfree_queue,hazard_pointer,enqueue,369733672960 KB,369702707200 KB,-30965760 KB
lockfree_queue,hazard_pointer,enqueue,369702707200 KB,369671483392 KB,-31223808 KB
lockfree_queue,hazard_pointer,enqueue,369671483392 KB,369639485440 KB,-31997952 KB
lockfree_queue,hazard_pointer,enqueue,369639485440 KB,369606971392 KB,-32514048 KB
lockfree_queue,hazard_pointer,enqueue,369606971392 KB,369574457344 KB,-32514048 KB
lockfree_queue,hazard_pointer,enqueue,369574457344 KB,369542201344 KB,-32256000 KB
lockfree_queue,hazard_pointer,enqueue,369542201344 KB,369508655104 KB,-33546240 KB
lockfree_queue,hazard_pointer,enqueue,369508655104 KB,369475153920 KB,-33501184 KB
lockfree_queue,hazard_pointer,enqueue,369475153920 KB,369441099776 KB,-34054144 KB
lockfree_queue,hazard_pointer,enqueue,369441099776 KB,369405747200 KB,-35352576 KB
lockfree_queue,hazard_pointer,enqueue,369405747200 KB,369370685440 KB,-35061760 KB
lockfree_queue,hazard_pointer,enqueue,369370685440 KB,369335590912 KB,-35094528 KB
lockfree_queue,hazard_pointer,enqueue,369335590912 KB,369299980288 KB,-35610624 KB
lockfree_queue,hazard_pointer,enqueue,369299980288 KB,369263853568 KB,-36126720 KB
lockfree_queue,hazard_pointer,enqueue,369263853568 KB,369227468800 KB,-36384768 KB
lockfree_queue,hazard_pointer,enqueue,369227468800 KB,369191084032 KB,-36384768 KB
lockfree_queue,hazard_pointer,enqueue,369191084032 KB,369153925120 KB,-37158912 KB
lockfree_queue,hazard_pointer,enqueue,369153925120 KB,369115750400 KB,-38174720 KB
lockfree_queue,hazard_pointer,enqueue,369115750400 KB,369078104064 KB,-37646336 KB
lockfree_queue,hazard_pointer,dequeue,369077547008 KB,369077547008 KB,0 KB
lockfree_queue,hazard_pointer,dequeue,369075781632 KB,369075781632 KB,0 KB
lockfree_queue,hazard_pointer,dequeue,369072168960 KB,369072168960 KB,0 KB
lockfree_queue,hazard_pointer,dequeue,369069072384 KB,369069072384 KB,0 KB
lockfree_queue,hazard_pointer,dequeue,369065975808 KB,369065975808 KB,0 KB
lockfree_queue,hazard_pointer,dequeue,369062879232 KB,369062879232 KB,0 KB
lockfree_queue,hazard_pointer,dequeue,369059782656 KB,369059782656 KB,0 KB
lockfree_queue,hazard_pointer,dequeue,369056169984 KB,369056169984 KB,0 KB
lockfree_queue,hazard_pointer,dequeue,369053073408 KB,369053073408 KB,0 KB
lockfree_queue,hazard_pointer,dequeue,369049976832 KB,369049976832 KB,0 KB
lockfree_queue,hazard_pointer,dequeue,369046880256 KB,369046880256 KB,0 KB
lockfree_queue,hazard_pointer,dequeue,369043783680 KB,369043783680 KB,0 KB
lockfree_queue,hazard_pointer,dequeue,369040687104 KB,369040687104 KB,0 KB
lockfree_queue,hazard_pointer,dequeue,369037590528 KB,369037590528 KB,0 KB
lockfree_queue,hazard_pointer,dequeue,369034493952 KB,369034493952 KB,0 KB
lockfree_queue,hazard_pointer,dequeue,369031913472 KB,369031913472 KB,0 KB
lockfree_queue,hazard_pointer,dequeue,369029849088 KB,369029849088 KB,0 KB
lockfree_queue,hazard_pointer,dequeue,369028300800 KB,369028300800 KB,0 KB
lockfree_queue,hazard_pointer,dequeue,369028300800 KB,369028300800 KB,0 KB
lockfree_queue,hazard_pointer,dequeue,369028300800 KB,369028300800 KB,0 KB
lockfree_queue,hazard_pointer,dequeue,369028300800 KB,369028300800 KB,0 KB
lockfree_queue,hazard_pointer,dequeue,369030557696 KB,369030557696 KB,0 KB
lockfree_queue,hazard_pointer,dequeue,369030815744 KB,369030815744 KB,0 KB
lockfree_queue,hazard_pointer,dequeue,369033859072 KB,369033859072 KB,0 KB
lockfree_queue,hazard_pointer,dequeue,369036177408 KB,369036177408 KB,0 KB
lockfree_queue,hazard_pointer,dequeue,369036697600 KB,369036697600 KB,0 KB
lockfree_queue,hazard_pointer,dequeue,369041055744 KB,369041055744 KB,0 KB
lockfree_queue,hazard_pointer,dequeue,369053908992 KB,369053908992 KB,0 KB
lockfree_queue,hazard_pointer,dequeue,369053908992 KB,369053908992 KB,0 KB
lockfree_queue,hazard_pointer,dequeue,369052360704 KB,369052360704 KB,0 KB
lockfree_queue,hazard_pointer,dequeue,369052360704 KB,369052360704 KB,0 KB
lockfree_queue,hazard_pointer,dequeue,369052360704 KB,369052360704 KB,0 KB
lockfree_queue,hazard_pointer,dequeue,369052360704 KB,369052360704 KB,0 KB
lockfree_queue,hazard_pointer,dequeue,369052360704 KB,369052360704 KB,0 KB
lockfree_queue,hazard_pointer,dequeue,369052626944 KB,369052626944 KB,0 KB
lockfree_queue,hazard_pointer,dequeue,369052626944 KB,369052626944 KB,0 KB
lockfree_queue,hazard_pointer,dequeue,369052626944 KB,369052626944 KB,0 KB
lockfree_queue,hazard_pointer,dequeue,369052626944 KB,369052626944 KB,0 KB
lockfree_queue,hazard_pointer,dequeue,369052626944 KB,369052626944 KB,0 KB
lockfree_queue,hazard_pointer,dequeue,369052626944 KB,369052626944 KB,0 KB
lockfree_queue,hazard_pointer,dequeue,369052626944 KB,369052626944 KB,0 KB
lockfree_queue,hazard_pointer,dequeue,369052626944 KB,369052626944 KB,0 KB
lockfree_queue,hazard_pointer,dequeue,369052626944 KB,369052626944 KB,0 KB
lockfree_queue,hazard_pointer,dequeue,369052626944 KB,369052626944 KB,0 KB
lockfree_queue,hazard_pointer,dequeue,369052626944 KB,369052626944 KB,0 KB
lockfree_queue,hazard_pointer,dequeue,369052626944 KB,369052626944 KB,0 KB
lockfree_queue,hazard_pointer,dequeue,369052626944 KB,369052626944 KB,0 KB
lockfree_queue,hazard_pointer,dequeue,369052626944 KB,369052626944 KB,0 KB
lockfree_queue,hazard_pointer,dequeue,369052626944 KB,369052626944 KB,0 KB
lockfree_queue,hazard_pointer,dequeue,369052626944 KB,369052626944 KB,0 KB
lockfree_queue,hazard_pointer,dequeue,369052884992 KB,369052884992 KB,0 KB
lockfree_queue,hazard_pointer,dequeue,369055031296 KB,369055031296 KB,0 KB
lockfree_queue,hazard_pointer,dequeue,369055039488 KB,369055039488 KB,0 KB
lockfree_queue,hazard_pointer,dequeue,369055092736 KB,369055092736 KB,0 KB
lockfree_queue,hazard_pointer,dequeue,369055092736 KB,369055092736 KB,0 KB
lockfree_queue,hazard_pointer,dequeue,369055092736 KB,369055092736 KB,0 KB
lockfree_queue,hazard_pointer,dequeue,369055092736 KB,369055092736 KB,0 KB
lockfree_queue,hazard_pointer,dequeue,369054834688 KB,369054834688 KB,0 KB
lockfree_queue,hazard_pointer,dequeue,369054834688 KB,369054834688 KB,0 KB
lockfree_queue,hazard_pointer,dequeue,369054834688 KB,369054834688 KB,0 KB
lockfree_queue,hazard_pointer,dequeue,369054834688 KB,369054834688 KB,0 KB
lockfree_queue,hazard_pointer,dequeue,369054834688 KB,369054834688 KB,0 KB
lockfree_queue,hazard_pointer,dequeue,369054834688 KB,369054834688 KB,0 KB
lockfree_queue,hazard_pointer,dequeue,369054834688 KB,369054834688 KB,0 KB
lockfree_queue,hazard_pointer,dequeue,369054834688 KB,369054834688 KB,0 KB
lockfree_queue,hazard_pointer,dequeue,369054834688 KB,369054834688 KB,0 KB
lockfree_queue,hazard_pointer,dequeue,369054846976 KB,369054846976 KB,0 KB
lockfree_queue,hazard_pointer,dequeue,369054846976 KB,369054846976 KB,0 KB
lockfree_queue,hazard_pointer,dequeue,369054846976 KB,369054846976 KB,0 KB
lockfree_queue,hazard_pointer,dequeue,369054846976 KB,369054846976 KB,0 KB
lockfree_queue,hazard_pointer,dequeue,369054846976 KB,369054846976 KB,0 KB
lockfree_queue,hazard_pointer,dequeue,369054846976 KB,369054846976 KB,0 KB
lockfree_queue,hazard_pointer,dequeue,369054846976 KB,369054846976 KB,0 KB
lockfree_queue,hazard_pointer,dequeue,369054846976 KB,369054846976 KB,0 KB
lockfree_queue,hazard_pointer,dequeue,369054846976 KB,369054846976 KB,0 KB
lockfree_queue,hazard_pointer,dequeue,369055084544 KB,369055084544 KB,0 KB
lockfree_queue,hazard_pointer,dequeue,369055084544 KB,369055084544 KB,0 KB
lockfree_queue,hazard_pointer,dequeue,369055342592 KB,369055342592 KB,0 KB
lockfree_queue,hazard_pointer,dequeue,369055858688 KB,369055858688 KB,0 KB
lockfree_queue,hazard_pointer,dequeue,369055858688 KB,369055858688 KB,0 KB
lockfree_queue,hazard_pointer,dequeue,369059250176 KB,369059250176 KB,0 KB
lockfree_queue,hazard_pointer,dequeue,369059254272 KB,369059254272 KB,0 KB
lockfree_queue,hazard_pointer,dequeue,369059287040 KB,369059287040 KB,0 KB
lockfree_queue,hazard_pointer,dequeue,369059287040 KB,369059287040 KB,0 KB
lockfree_queue,hazard_pointer,dequeue,369059287040 KB,369059287040 KB,0 KB
lockfree_queue,hazard_pointer,dequeue,369059287040 KB,369059287040 KB,0 KB
lockfree_queue,hazard_pointer,dequeue,369059287040 KB,369059287040 KB,0 KB
lockfree_queue,hazard_pointer,dequeue,369059287040 KB,369059287040 KB,0 KB
lockfree_queue,hazard_pointer,dequeue,369059287040 KB,369059287040 KB,0 KB
lockfree_queue,hazard_pointer,dequeue,369059287040 KB,369059287040 KB,0 KB
lockfree_queue,hazard_pointer,dequeue,369060061184 KB,369060061184 KB,0 KB
lockfree_queue,hazard_pointer,dequeue,369060061184 KB,369060061184 KB,0 KB
lockfree_queue,hazard_pointer,dequeue,369059229696 KB,369059229696 KB,0 KB
lockfree_queue,hazard_pointer,dequeue,369059229696 KB,369059229696 KB,0 KB
lockfree_queue,hazard_pointer,dequeue,369059229696 KB,369059229696 KB,0 KB
lockfree_queue,hazard_pointer,dequeue,369059229696 KB,369059229696 KB,0 KB
lockfree_queue,hazard_pointer,dequeue,369058983936 KB,369058983936 KB,0 KB
lockfree_queue,hazard_pointer,dequeue,369058983936 KB,369058983936 KB,0 KB
lockfree_queue,hazard_pointer,dequeue,369058983936 KB,369058983936 KB,0 KB
lockfree_queue,hazard_pointer,dequeue,369058983936 KB,369058983936 KB,0 KB
lockfree_queue,hazard_pointer,dequeue,369059241984 KB,369059241984 KB,0 KB
lockfree_queue,hazard_pointer,dequeue,369059241984 KB,369059241984 KB,0 KB
lockfree_queue,hazard_pointer,dequeue,369059500032 KB,369059500032 KB,0 KB
lockfree_queue,hazard_pointer,dequeue,369059758080 KB,369059758080 KB,0 KB
lockfree_queue,hazard_pointer,dequeue,369060790272 KB,369060790272 KB,0 KB
lockfree_queue,hazard_pointer,dequeue,369060790272 KB,369060790272 KB,0 KB
lockfree_queue,hazard_pointer,dequeue,369060532224 KB,369060532224 KB,0 KB
lockfree_queue,hazard_pointer,dequeue,369060532224 KB,369060532224 KB,0 KB
lockfree_queue,hazard_pointer,dequeue,369060532224 KB,369060532224 KB,0 KB
lockfree_queue,hazard_pointer,dequeue,369062658048 KB,369062658048 KB,0 KB
lockfree_queue,hazard_pointer,dequeue,369062658048 KB,369062658048 KB,0 KB
lockfree_queue,hazard_pointer,dequeue,369062658048 KB,369062658048 KB,0 KB
lockfree_queue,hazard_pointer,dequeue,369062658048 KB,369062658048 KB,0 KB
lockfree_queue,hazard_pointer,dequeue,369062658048 KB,369062658048 KB,0 KB
lockfree_queue,hazard_pointer,dequeue,369063174144 KB,369063174144 KB,0 KB
lockfree_queue,hazard_pointer,dequeue,369063202816 KB,369063202816 KB,0 KB
lockfree_queue,hazard_pointer,dequeue,369063464960 KB,369063464960 KB,0 KB
lockfree_queue,hazard_pointer,dequeue,369063723008 KB,369063723008 KB,0 KB
lockfree_queue,hazard_pointer,dequeue,369063723008 KB,369063723008 KB,0 KB
lockfree_queue,hazard_pointer,dequeue,369063464960 KB,369063464960 KB,0 KB
lockfree_queue,hazard_pointer,dequeue,369063464960 KB,369063464960 KB,0 KB
lockfree_queue,hazard_pointer,dequeue,369063505920 KB,369063505920 KB,0 KB
lockfree_queue,hazard_pointer,dequeue,369063505920 KB,369063505920 KB,0 KB
lockfree_queue,hazard_pointer,dequeue,369064022016 KB,369064022016 KB,0 KB
lockfree_queue,hazard_pointer,dequeue,369064022016 KB,369064022016 KB,0 KB
lockfree_queue,hazard_pointer,dequeue,369064878080 KB,369064878080 KB,0 KB
lockfree_queue,hazard_pointer,dequeue,369064878080 KB,369064878080 KB,0 KB
lockfree_queue,hazard_pointer,dequeue,369065136128 KB,369065136128 KB,0 KB
